"","Site_Number","Site","Year","Month","Day","Season_Sampled","Predictor_Value","Predictor"
"640",1,"Cottonwood",2017,9,4,"Fall",185.7,"Monsoon"
"34",1,"Cottonwood",2017,9,4,"Fall",38.7,"Tmax"
"236",1,"Cottonwood",2017,9,4,"Fall",12.5,"Tmin"
"438",1,"Cottonwood",2017,9,4,"Fall",244.59,"Winter"
"641",1,"Cottonwood",2018,8,30,"Fall",169.24,"Monsoon"
"35",1,"Cottonwood",2018,8,30,"Fall",41,"Tmax"
"237",1,"Cottonwood",2018,8,30,"Fall",14,"Tmin"
"439",1,"Cottonwood",2018,8,30,"Fall",39.64,"Winter"
"642",1,"Cottonwood",2019,8,29,"Fall",102.37,"Monsoon"
"36",1,"Cottonwood",2019,8,29,"Fall",40.9,"Tmax"
"238",1,"Cottonwood",2019,8,29,"Fall",16.1,"Tmin"
"440",1,"Cottonwood",2019,8,29,"Fall",240.25,"Winter"
"643",1,"Cottonwood",2020,8,26,"Fall",29.39,"Monsoon"
"37",1,"Cottonwood",2020,8,26,"Fall",44.5,"Tmax"
"239",1,"Cottonwood",2020,8,26,"Fall",15.6,"Tmin"
"441",1,"Cottonwood",2020,8,26,"Fall",273.16,"Winter"
"644",1,"Cottonwood",2021,8,26,"Fall",216.68,"Monsoon"
"38",1,"Cottonwood",2021,8,26,"Fall",40.5,"Tmax"
"240",1,"Cottonwood",2021,8,26,"Fall",15.2,"Tmin"
"442",1,"Cottonwood",2021,8,26,"Fall",75.67,"Winter"
"651",2,"McDowellSonoranPreserve",2014,9,20,"Fall",227.12,"Monsoon"
"45",2,"McDowellSonoranPreserve",2014,9,20,"Fall",37.6,"Tmax"
"247",2,"McDowellSonoranPreserve",2014,9,20,"Fall",18,"Tmin"
"449",2,"McDowellSonoranPreserve",2014,9,20,"Fall",148.73,"Winter"
"652",2,"McDowellSonoranPreserve",2015,10,3,"Fall",44.36,"Monsoon"
"46",2,"McDowellSonoranPreserve",2015,10,3,"Fall",38.2,"Tmax"
"248",2,"McDowellSonoranPreserve",2015,10,3,"Fall",19.6,"Tmin"
"450",2,"McDowellSonoranPreserve",2015,10,3,"Fall",141.47,"Winter"
"653",2,"McDowellSonoranPreserve",2016,9,17,"Fall",78.96,"Monsoon"
"47",2,"McDowellSonoranPreserve",2016,9,17,"Fall",37.4,"Tmax"
"249",2,"McDowellSonoranPreserve",2016,9,17,"Fall",19,"Tmin"
"451",2,"McDowellSonoranPreserve",2016,9,17,"Fall",136.46,"Winter"
"654",2,"McDowellSonoranPreserve",2017,4,8,"Spring",58.19,"Monsoon"
"48",2,"McDowellSonoranPreserve",2017,4,8,"Spring",31.7,"Tmax"
"250",2,"McDowellSonoranPreserve",2017,4,8,"Spring",9,"Tmin"
"452",2,"McDowellSonoranPreserve",2017,4,8,"Spring",238.72,"Winter"
"655",2,"McDowellSonoranPreserve",2017,9,23,"Fall",58.19,"Monsoon"
"49",2,"McDowellSonoranPreserve",2017,9,23,"Fall",40.1,"Tmax"
"251",2,"McDowellSonoranPreserve",2017,9,23,"Fall",16.6,"Tmin"
"453",2,"McDowellSonoranPreserve",2017,9,23,"Fall",238.72,"Winter"
"656",2,"McDowellSonoranPreserve",2018,4,7,"Spring",124.14,"Monsoon"
"50",2,"McDowellSonoranPreserve",2018,4,7,"Spring",29.6,"Tmax"
"252",2,"McDowellSonoranPreserve",2018,4,7,"Spring",7.8,"Tmin"
"454",2,"McDowellSonoranPreserve",2018,4,7,"Spring",43.4,"Winter"
"657",2,"McDowellSonoranPreserve",2018,9,29,"Fall",124.14,"Monsoon"
"658",2,"McDowellSonoranPreserve",2018,9,29,"Fall",124.14,"Monsoon"
"659",2,"McDowellSonoranPreserve",2018,9,29,"Fall",124.14,"Monsoon"
"660",2,"McDowellSonoranPreserve",2018,9,29,"Fall",124.14,"Monsoon"
"51",2,"McDowellSonoranPreserve",2018,9,29,"Fall",39.5,"Tmax"
"52",2,"McDowellSonoranPreserve",2018,9,29,"Fall",39.5,"Tmax"
"53",2,"McDowellSonoranPreserve",2018,9,29,"Fall",39.5,"Tmax"
"54",2,"McDowellSonoranPreserve",2018,9,29,"Fall",39.5,"Tmax"
"253",2,"McDowellSonoranPreserve",2018,9,29,"Fall",21.2,"Tmin"
"254",2,"McDowellSonoranPreserve",2018,9,29,"Fall",21.2,"Tmin"
"255",2,"McDowellSonoranPreserve",2018,9,29,"Fall",21.2,"Tmin"
"256",2,"McDowellSonoranPreserve",2018,9,29,"Fall",21.2,"Tmin"
"455",2,"McDowellSonoranPreserve",2018,9,29,"Fall",43.4,"Winter"
"456",2,"McDowellSonoranPreserve",2018,9,29,"Fall",43.4,"Winter"
"457",2,"McDowellSonoranPreserve",2018,9,29,"Fall",43.4,"Winter"
"458",2,"McDowellSonoranPreserve",2018,9,29,"Fall",43.4,"Winter"
"661",2,"McDowellSonoranPreserve",2019,4,6,"Spring",98.52,"Monsoon"
"55",2,"McDowellSonoranPreserve",2019,4,6,"Spring",27,"Tmax"
"257",2,"McDowellSonoranPreserve",2019,4,6,"Spring",4.3,"Tmin"
"459",2,"McDowellSonoranPreserve",2019,4,6,"Spring",368.46,"Winter"
"662",2,"McDowellSonoranPreserve",2019,9,28,"Fall",98.52,"Monsoon"
"56",2,"McDowellSonoranPreserve",2019,9,28,"Fall",40.6,"Tmax"
"258",2,"McDowellSonoranPreserve",2019,9,28,"Fall",18.3,"Tmin"
"460",2,"McDowellSonoranPreserve",2019,9,28,"Fall",368.46,"Winter"
"663",2,"McDowellSonoranPreserve",2020,4,4,"Spring",21.97,"Monsoon"
"57",2,"McDowellSonoranPreserve",2020,4,4,"Spring",25.6,"Tmax"
"259",2,"McDowellSonoranPreserve",2020,4,4,"Spring",5.5,"Tmin"
"461",2,"McDowellSonoranPreserve",2020,4,4,"Spring",288.94,"Winter"
"664",2,"McDowellSonoranPreserve",2020,9,26,"Fall",21.97,"Monsoon"
"58",2,"McDowellSonoranPreserve",2020,9,26,"Fall",42.6,"Tmax"
"260",2,"McDowellSonoranPreserve",2020,9,26,"Fall",18,"Tmin"
"462",2,"McDowellSonoranPreserve",2020,9,26,"Fall",288.94,"Winter"
"665",2,"McDowellSonoranPreserve",2021,4,3,"Spring",283.24,"Monsoon"
"59",2,"McDowellSonoranPreserve",2021,4,3,"Spring",30.7,"Tmax"
"261",2,"McDowellSonoranPreserve",2021,4,3,"Spring",3.3,"Tmin"
"463",2,"McDowellSonoranPreserve",2021,4,3,"Spring",69.26,"Winter"
"666",2,"McDowellSonoranPreserve",2021,9,25,"Fall",283.24,"Monsoon"
"60",2,"McDowellSonoranPreserve",2021,9,25,"Fall",40.6,"Tmax"
"262",2,"McDowellSonoranPreserve",2021,9,25,"Fall",21.2,"Tmin"
"464",2,"McDowellSonoranPreserve",2021,9,25,"Fall",69.26,"Winter"
"645",3,"GrandCanyonDesertView",2015,5,31,"Spring",176.21,"Monsoon"
"39",3,"GrandCanyonDesertView",2015,5,31,"Spring",29.3,"Tmax"
"241",3,"GrandCanyonDesertView",2015,5,31,"Spring",0,"Tmin"
"443",3,"GrandCanyonDesertView",2015,5,31,"Spring",170.61,"Winter"
"648",4,"GrandCanyonSouthRim",2014,9,6,"Fall",192.11,"Monsoon"
"42",4,"GrandCanyonSouthRim",2014,9,6,"Fall",31.5,"Tmax"
"244",4,"GrandCanyonSouthRim",2014,9,6,"Fall",6.6,"Tmin"
"446",4,"GrandCanyonSouthRim",2014,9,6,"Fall",88.17,"Winter"
"649",4,"GrandCanyonSouthRim",2015,6,14,"Spring",162.55,"Monsoon"
"43",4,"GrandCanyonSouthRim",2015,6,14,"Spring",28.8,"Tmax"
"245",4,"GrandCanyonSouthRim",2015,6,14,"Spring",-1.2,"Tmin"
"447",4,"GrandCanyonSouthRim",2015,6,14,"Spring",176.19,"Winter"
"650",4,"GrandCanyonSouthRim",2015,8,16,"Fall",162.55,"Monsoon"
"44",4,"GrandCanyonSouthRim",2015,8,16,"Fall",32.3,"Tmax"
"246",4,"GrandCanyonSouthRim",2015,8,16,"Fall",8.6,"Tmin"
"448",4,"GrandCanyonSouthRim",2015,8,16,"Fall",176.19,"Winter"
"806",5,"SycamoreCreekAZ",1999,7,23,"Fall",227.87,"Monsoon"
"200",5,"SycamoreCreekAZ",1999,7,23,"Fall",40.5,"Tmax"
"402",5,"SycamoreCreekAZ",1999,7,23,"Fall",18.6,"Tmin"
"604",5,"SycamoreCreekAZ",1999,7,23,"Fall",261.98,"Winter"
"807",5,"SycamoreCreekAZ",2000,7,22,"Fall",72.3,"Monsoon"
"201",5,"SycamoreCreekAZ",2000,7,22,"Fall",42.2,"Tmax"
"403",5,"SycamoreCreekAZ",2000,7,22,"Fall",19,"Tmin"
"605",5,"SycamoreCreekAZ",2000,7,22,"Fall",114.48,"Winter"
"808",5,"SycamoreCreekAZ",2004,7,28,"Fall",112.7,"Monsoon"
"202",5,"SycamoreCreekAZ",2004,7,28,"Fall",41.2,"Tmax"
"404",5,"SycamoreCreekAZ",2004,7,28,"Fall",16.7,"Tmin"
"606",5,"SycamoreCreekAZ",2004,7,28,"Fall",276.6,"Winter"
"667",6,"PatagoniaAZ",1986,8,23,"Fall",273.17,"Monsoon"
"61",6,"PatagoniaAZ",1986,8,23,"Fall",37.6,"Tmax"
"263",6,"PatagoniaAZ",1986,8,23,"Fall",14.1,"Tmin"
"465",6,"PatagoniaAZ",1986,8,23,"Fall",235.59,"Winter"
"668",6,"PatagoniaAZ",1987,8,15,"Fall",267.52,"Monsoon"
"62",6,"PatagoniaAZ",1987,8,15,"Fall",36.3,"Tmax"
"264",6,"PatagoniaAZ",1987,8,15,"Fall",14.4,"Tmin"
"466",6,"PatagoniaAZ",1987,8,15,"Fall",236.84,"Winter"
"669",6,"PatagoniaAZ",1988,8,6,"Fall",346.59,"Monsoon"
"63",6,"PatagoniaAZ",1988,8,6,"Fall",35.3,"Tmax"
"265",6,"PatagoniaAZ",1988,8,6,"Fall",15.2,"Tmin"
"467",6,"PatagoniaAZ",1988,8,6,"Fall",193.07,"Winter"
"670",6,"PatagoniaAZ",1989,8,13,"Fall",138.99,"Monsoon"
"64",6,"PatagoniaAZ",1989,8,13,"Fall",36.5,"Tmax"
"266",6,"PatagoniaAZ",1989,8,13,"Fall",14.8,"Tmin"
"468",6,"PatagoniaAZ",1989,8,13,"Fall",166.38,"Winter"
"671",6,"PatagoniaAZ",1990,8,11,"Fall",389.93,"Monsoon"
"65",6,"PatagoniaAZ",1990,8,11,"Fall",32.5,"Tmax"
"267",6,"PatagoniaAZ",1990,8,11,"Fall",14.8,"Tmin"
"469",6,"PatagoniaAZ",1990,8,11,"Fall",183.01,"Winter"
"672",6,"PatagoniaAZ",1991,8,6,"Fall",176.3,"Monsoon"
"66",6,"PatagoniaAZ",1991,8,6,"Fall",33.7,"Tmax"
"268",6,"PatagoniaAZ",1991,8,6,"Fall",15.2,"Tmin"
"470",6,"PatagoniaAZ",1991,8,6,"Fall",280.18,"Winter"
"673",6,"PatagoniaAZ",1992,8,9,"Fall",329.12,"Monsoon"
"67",6,"PatagoniaAZ",1992,8,9,"Fall",35.7,"Tmax"
"269",6,"PatagoniaAZ",1992,8,9,"Fall",13.5,"Tmin"
"471",6,"PatagoniaAZ",1992,8,9,"Fall",337.8,"Winter"
"674",6,"PatagoniaAZ",1993,8,7,"Fall",285.25,"Monsoon"
"68",6,"PatagoniaAZ",1993,8,7,"Fall",36.1,"Tmax"
"270",6,"PatagoniaAZ",1993,8,7,"Fall",13.1,"Tmin"
"472",6,"PatagoniaAZ",1993,8,7,"Fall",407.57,"Winter"
"675",6,"PatagoniaAZ",1994,8,6,"Fall",200.41,"Monsoon"
"69",6,"PatagoniaAZ",1994,8,6,"Fall",37.6,"Tmax"
"271",6,"PatagoniaAZ",1994,8,6,"Fall",15,"Tmin"
"473",6,"PatagoniaAZ",1994,8,6,"Fall",172.15,"Winter"
"676",6,"PatagoniaAZ",1995,8,13,"Fall",184.61,"Monsoon"
"70",6,"PatagoniaAZ",1995,8,13,"Fall",40.3,"Tmax"
"272",6,"PatagoniaAZ",1995,8,13,"Fall",16.1,"Tmin"
"474",6,"PatagoniaAZ",1995,8,13,"Fall",305.96,"Winter"
"677",6,"PatagoniaAZ",1996,8,11,"Fall",205.03,"Monsoon"
"71",6,"PatagoniaAZ",1996,8,11,"Fall",36.4,"Tmax"
"273",6,"PatagoniaAZ",1996,8,11,"Fall",16.5,"Tmin"
"475",6,"PatagoniaAZ",1996,8,11,"Fall",88.2,"Winter"
"678",6,"PatagoniaAZ",1997,8,9,"Fall",260.8,"Monsoon"
"72",6,"PatagoniaAZ",1997,8,9,"Fall",38,"Tmax"
"274",6,"PatagoniaAZ",1997,8,9,"Fall",14.3,"Tmin"
"476",6,"PatagoniaAZ",1997,8,9,"Fall",134.5,"Winter"
"679",6,"PatagoniaAZ",1998,8,8,"Fall",291.41,"Monsoon"
"73",6,"PatagoniaAZ",1998,8,8,"Fall",38.5,"Tmax"
"275",6,"PatagoniaAZ",1998,8,8,"Fall",16.6,"Tmin"
"477",6,"PatagoniaAZ",1998,8,8,"Fall",293.74,"Winter"
"680",6,"PatagoniaAZ",1999,8,9,"Fall",308.66,"Monsoon"
"74",6,"PatagoniaAZ",1999,8,9,"Fall",32.9,"Tmax"
"276",6,"PatagoniaAZ",1999,8,9,"Fall",14.5,"Tmin"
"478",6,"PatagoniaAZ",1999,8,9,"Fall",93.11,"Winter"
"681",6,"PatagoniaAZ",2000,8,12,"Fall",210.86,"Monsoon"
"75",6,"PatagoniaAZ",2000,8,12,"Fall",36.9,"Tmax"
"277",6,"PatagoniaAZ",2000,8,12,"Fall",15.6,"Tmin"
"479",6,"PatagoniaAZ",2000,8,12,"Fall",51.95,"Winter"
"682",6,"PatagoniaAZ",2001,8,11,"Fall",252.15,"Monsoon"
"76",6,"PatagoniaAZ",2001,8,11,"Fall",33.7,"Tmax"
"278",6,"PatagoniaAZ",2001,8,11,"Fall",15.5,"Tmin"
"480",6,"PatagoniaAZ",2001,8,11,"Fall",407.77,"Winter"
"683",6,"PatagoniaAZ",2002,8,10,"Fall",209.78,"Monsoon"
"77",6,"PatagoniaAZ",2002,8,10,"Fall",35.9,"Tmax"
"279",6,"PatagoniaAZ",2002,8,10,"Fall",15.6,"Tmin"
"481",6,"PatagoniaAZ",2002,8,10,"Fall",94.99,"Winter"
"684",6,"PatagoniaAZ",2003,8,9,"Fall",267.35,"Monsoon"
"78",6,"PatagoniaAZ",2003,8,9,"Fall",37.8,"Tmax"
"280",6,"PatagoniaAZ",2003,8,9,"Fall",16,"Tmin"
"482",6,"PatagoniaAZ",2003,8,9,"Fall",123.79,"Winter"
"685",6,"PatagoniaAZ",2004,8,7,"Fall",255.41,"Monsoon"
"79",6,"PatagoniaAZ",2004,8,7,"Fall",35.4,"Tmax"
"281",6,"PatagoniaAZ",2004,8,7,"Fall",14.9,"Tmin"
"483",6,"PatagoniaAZ",2004,8,7,"Fall",190.52,"Winter"
"686",6,"PatagoniaAZ",2005,8,6,"Fall",220.69,"Monsoon"
"80",6,"PatagoniaAZ",2005,8,6,"Fall",38.5,"Tmax"
"282",6,"PatagoniaAZ",2005,8,6,"Fall",15.7,"Tmin"
"484",6,"PatagoniaAZ",2005,8,6,"Fall",160.61,"Winter"
"687",6,"PatagoniaAZ",2006,8,5,"Fall",358.65,"Monsoon"
"81",6,"PatagoniaAZ",2006,8,5,"Fall",37,"Tmax"
"283",6,"PatagoniaAZ",2006,8,5,"Fall",15.2,"Tmin"
"485",6,"PatagoniaAZ",2006,8,5,"Fall",46.38,"Winter"
"688",6,"PatagoniaAZ",2007,8,18,"Fall",385.02,"Monsoon"
"82",6,"PatagoniaAZ",2007,8,18,"Fall",33.8,"Tmax"
"284",6,"PatagoniaAZ",2007,8,18,"Fall",15.5,"Tmin"
"486",6,"PatagoniaAZ",2007,8,18,"Fall",81.62,"Winter"
"689",6,"PatagoniaAZ",2008,8,9,"Fall",350.19,"Monsoon"
"83",6,"PatagoniaAZ",2008,8,9,"Fall",34.4,"Tmax"
"285",6,"PatagoniaAZ",2008,8,9,"Fall",16.4,"Tmin"
"487",6,"PatagoniaAZ",2008,8,9,"Fall",121.26,"Winter"
"690",6,"PatagoniaAZ",2009,8,8,"Fall",150.56,"Monsoon"
"84",6,"PatagoniaAZ",2009,8,8,"Fall",36.4,"Tmax"
"286",6,"PatagoniaAZ",2009,8,8,"Fall",17,"Tmin"
"488",6,"PatagoniaAZ",2009,8,8,"Fall",85.86,"Winter"
"691",6,"PatagoniaAZ",2010,8,7,"Fall",309.84,"Monsoon"
"85",6,"PatagoniaAZ",2010,8,7,"Fall",36.2,"Tmax"
"287",6,"PatagoniaAZ",2010,8,7,"Fall",16.4,"Tmin"
"489",6,"PatagoniaAZ",2010,8,7,"Fall",234.98,"Winter"
"692",6,"PatagoniaAZ",2011,8,6,"Fall",196.18,"Monsoon"
"86",6,"PatagoniaAZ",2011,8,6,"Fall",37.3,"Tmax"
"288",6,"PatagoniaAZ",2011,8,6,"Fall",12.8,"Tmin"
"490",6,"PatagoniaAZ",2011,8,6,"Fall",64.68,"Winter"
"693",6,"PatagoniaAZ",2012,8,11,"Fall",281.92,"Monsoon"
"87",6,"PatagoniaAZ",2012,8,11,"Fall",35,"Tmax"
"289",6,"PatagoniaAZ",2012,8,11,"Fall",16.4,"Tmin"
"491",6,"PatagoniaAZ",2012,8,11,"Fall",132.08,"Winter"
"694",6,"PatagoniaAZ",2013,8,10,"Fall",238.12,"Monsoon"
"88",6,"PatagoniaAZ",2013,8,10,"Fall",33,"Tmax"
"290",6,"PatagoniaAZ",2013,8,10,"Fall",14.4,"Tmin"
"492",6,"PatagoniaAZ",2013,8,10,"Fall",96.17,"Winter"
"695",6,"PatagoniaAZ",2014,8,9,"Fall",362.06,"Monsoon"
"89",6,"PatagoniaAZ",2014,8,9,"Fall",35.6,"Tmax"
"291",6,"PatagoniaAZ",2014,8,9,"Fall",15.5,"Tmin"
"493",6,"PatagoniaAZ",2014,8,9,"Fall",83.43,"Winter"
"696",6,"PatagoniaAZ",2015,8,11,"Fall",327.16,"Monsoon"
"90",6,"PatagoniaAZ",2015,8,11,"Fall",35.5,"Tmax"
"292",6,"PatagoniaAZ",2015,8,11,"Fall",16.6,"Tmin"
"494",6,"PatagoniaAZ",2015,8,11,"Fall",154.4,"Winter"
"697",6,"PatagoniaAZ",2016,8,8,"Fall",321.49,"Monsoon"
"91",6,"PatagoniaAZ",2016,8,8,"Fall",35.8,"Tmax"
"293",6,"PatagoniaAZ",2016,8,8,"Fall",17.1,"Tmin"
"495",6,"PatagoniaAZ",2016,8,8,"Fall",137.69,"Winter"
"698",6,"PatagoniaAZ",2017,8,7,"Fall",239.02,"Monsoon"
"92",6,"PatagoniaAZ",2017,8,7,"Fall",34.8,"Tmax"
"294",6,"PatagoniaAZ",2017,8,7,"Fall",15.7,"Tmin"
"496",6,"PatagoniaAZ",2017,8,7,"Fall",107.51,"Winter"
"699",6,"PatagoniaAZ",2018,8,12,"Fall",238.6,"Monsoon"
"93",6,"PatagoniaAZ",2018,8,12,"Fall",37.9,"Tmax"
"295",6,"PatagoniaAZ",2018,8,12,"Fall",15.8,"Tmin"
"497",6,"PatagoniaAZ",2018,8,12,"Fall",127.34,"Winter"
"700",6,"PatagoniaAZ",2019,8,6,"Fall",244.05,"Monsoon"
"94",6,"PatagoniaAZ",2019,8,6,"Fall",37.2,"Tmax"
"296",6,"PatagoniaAZ",2019,8,6,"Fall",14,"Tmin"
"498",6,"PatagoniaAZ",2019,8,6,"Fall",293.7,"Winter"
"701",6,"PatagoniaAZ",2021,8,9,"Fall",408.68,"Monsoon"
"95",6,"PatagoniaAZ",2021,8,9,"Fall",36.4,"Tmax"
"297",6,"PatagoniaAZ",2021,8,9,"Fall",15.1,"Tmin"
"499",6,"PatagoniaAZ",2021,8,9,"Fall",75.47,"Winter"
"720",7,"RamseyCanyonAZ",1981,7,19,"Fall",217.13,"Monsoon"
"114",7,"RamseyCanyonAZ",1981,7,19,"Fall",37.5,"Tmax"
"316",7,"RamseyCanyonAZ",1981,7,19,"Fall",16.9,"Tmin"
"518",7,"RamseyCanyonAZ",1981,7,19,"Fall",113.97,"Winter"
"721",7,"RamseyCanyonAZ",1983,8,6,"Fall",339.23,"Monsoon"
"115",7,"RamseyCanyonAZ",1983,8,6,"Fall",36.6,"Tmax"
"317",7,"RamseyCanyonAZ",1983,8,6,"Fall",15.6,"Tmin"
"519",7,"RamseyCanyonAZ",1983,8,6,"Fall",402.99,"Winter"
"722",7,"RamseyCanyonAZ",1984,8,11,"Fall",309.79,"Monsoon"
"116",7,"RamseyCanyonAZ",1984,8,11,"Fall",33.9,"Tmax"
"318",7,"RamseyCanyonAZ",1984,8,11,"Fall",15.1,"Tmin"
"520",7,"RamseyCanyonAZ",1984,8,11,"Fall",240.52,"Winter"
"723",7,"RamseyCanyonAZ",1985,8,10,"Fall",242.2,"Monsoon"
"117",7,"RamseyCanyonAZ",1985,8,10,"Fall",36.7,"Tmax"
"319",7,"RamseyCanyonAZ",1985,8,10,"Fall",15.3,"Tmin"
"521",7,"RamseyCanyonAZ",1985,8,10,"Fall",378.52,"Winter"
"724",7,"RamseyCanyonAZ",1986,8,16,"Fall",271.22,"Monsoon"
"118",7,"RamseyCanyonAZ",1986,8,16,"Fall",38,"Tmax"
"320",7,"RamseyCanyonAZ",1986,8,16,"Fall",14,"Tmin"
"522",7,"RamseyCanyonAZ",1986,8,16,"Fall",294.84,"Winter"
"725",7,"RamseyCanyonAZ",1987,8,9,"Fall",308.65,"Monsoon"
"119",7,"RamseyCanyonAZ",1987,8,9,"Fall",37.3,"Tmax"
"321",7,"RamseyCanyonAZ",1987,8,9,"Fall",15.3,"Tmin"
"523",7,"RamseyCanyonAZ",1987,8,9,"Fall",268.98,"Winter"
"726",7,"RamseyCanyonAZ",1988,7,30,"Fall",325.08,"Monsoon"
"120",7,"RamseyCanyonAZ",1988,7,30,"Fall",36.5,"Tmax"
"322",7,"RamseyCanyonAZ",1988,7,30,"Fall",15.8,"Tmin"
"524",7,"RamseyCanyonAZ",1988,7,30,"Fall",210.59,"Winter"
"727",7,"RamseyCanyonAZ",1989,8,6,"Fall",160.33,"Monsoon"
"121",7,"RamseyCanyonAZ",1989,8,6,"Fall",37.9,"Tmax"
"323",7,"RamseyCanyonAZ",1989,8,6,"Fall",14.9,"Tmin"
"525",7,"RamseyCanyonAZ",1989,8,6,"Fall",142.76,"Winter"
"728",7,"RamseyCanyonAZ",1990,8,4,"Fall",326.36,"Monsoon"
"122",7,"RamseyCanyonAZ",1990,8,4,"Fall",33.9,"Tmax"
"324",7,"RamseyCanyonAZ",1990,8,4,"Fall",15.3,"Tmin"
"526",7,"RamseyCanyonAZ",1990,8,4,"Fall",119.35,"Winter"
"729",7,"RamseyCanyonAZ",1991,7,30,"Fall",185.75,"Monsoon"
"123",7,"RamseyCanyonAZ",1991,7,30,"Fall",36.4,"Tmax"
"325",7,"RamseyCanyonAZ",1991,7,30,"Fall",15.3,"Tmin"
"527",7,"RamseyCanyonAZ",1991,7,30,"Fall",260.22,"Winter"
"730",7,"RamseyCanyonAZ",1992,8,2,"Fall",268.91,"Monsoon"
"124",7,"RamseyCanyonAZ",1992,8,2,"Fall",38,"Tmax"
"326",7,"RamseyCanyonAZ",1992,8,2,"Fall",13.8,"Tmin"
"528",7,"RamseyCanyonAZ",1992,8,2,"Fall",277.42,"Winter"
"731",7,"RamseyCanyonAZ",1993,7,31,"Fall",236.21,"Monsoon"
"125",7,"RamseyCanyonAZ",1993,7,31,"Fall",36.1,"Tmax"
"327",7,"RamseyCanyonAZ",1993,7,31,"Fall",15,"Tmin"
"529",7,"RamseyCanyonAZ",1993,7,31,"Fall",386.1,"Winter"
"732",7,"RamseyCanyonAZ",1994,7,30,"Fall",196.24,"Monsoon"
"126",7,"RamseyCanyonAZ",1994,7,30,"Fall",37.2,"Tmax"
"328",7,"RamseyCanyonAZ",1994,7,30,"Fall",14.6,"Tmin"
"530",7,"RamseyCanyonAZ",1994,7,30,"Fall",124.04,"Winter"
"733",7,"RamseyCanyonAZ",1995,8,6,"Fall",222.32,"Monsoon"
"127",7,"RamseyCanyonAZ",1995,8,6,"Fall",40,"Tmax"
"329",7,"RamseyCanyonAZ",1995,8,6,"Fall",16.5,"Tmin"
"531",7,"RamseyCanyonAZ",1995,8,6,"Fall",376.82,"Winter"
"734",7,"RamseyCanyonAZ",1996,8,5,"Fall",242.96,"Monsoon"
"128",7,"RamseyCanyonAZ",1996,8,5,"Fall",36.4,"Tmax"
"330",7,"RamseyCanyonAZ",1996,8,5,"Fall",17.1,"Tmin"
"532",7,"RamseyCanyonAZ",1996,8,5,"Fall",89.61,"Winter"
"735",7,"RamseyCanyonAZ",1997,8,2,"Fall",173.46,"Monsoon"
"129",7,"RamseyCanyonAZ",1997,8,2,"Fall",38.2,"Tmax"
"331",7,"RamseyCanyonAZ",1997,8,2,"Fall",15.2,"Tmin"
"533",7,"RamseyCanyonAZ",1997,8,2,"Fall",121.17,"Winter"
"736",7,"RamseyCanyonAZ",1998,8,1,"Fall",263.93,"Monsoon"
"130",7,"RamseyCanyonAZ",1998,8,1,"Fall",38.9,"Tmax"
"332",7,"RamseyCanyonAZ",1998,8,1,"Fall",16.9,"Tmin"
"534",7,"RamseyCanyonAZ",1998,8,1,"Fall",245.68,"Winter"
"737",7,"RamseyCanyonAZ",1999,8,3,"Fall",319.98,"Monsoon"
"131",7,"RamseyCanyonAZ",1999,8,3,"Fall",33.8,"Tmax"
"333",7,"RamseyCanyonAZ",1999,8,3,"Fall",15.8,"Tmin"
"535",7,"RamseyCanyonAZ",1999,8,3,"Fall",66.09,"Winter"
"738",7,"RamseyCanyonAZ",2000,8,5,"Fall",232.12,"Monsoon"
"132",7,"RamseyCanyonAZ",2000,8,5,"Fall",37.3,"Tmax"
"334",7,"RamseyCanyonAZ",2000,8,5,"Fall",16.1,"Tmin"
"536",7,"RamseyCanyonAZ",2000,8,5,"Fall",19.56,"Winter"
"739",7,"RamseyCanyonAZ",2001,8,4,"Fall",242.97,"Monsoon"
"133",7,"RamseyCanyonAZ",2001,8,4,"Fall",34.2,"Tmax"
"335",7,"RamseyCanyonAZ",2001,8,4,"Fall",15.7,"Tmin"
"537",7,"RamseyCanyonAZ",2001,8,4,"Fall",453.51,"Winter"
"740",7,"RamseyCanyonAZ",2002,8,3,"Fall",232.28,"Monsoon"
"134",7,"RamseyCanyonAZ",2002,8,3,"Fall",37.3,"Tmax"
"336",7,"RamseyCanyonAZ",2002,8,3,"Fall",15.2,"Tmin"
"538",7,"RamseyCanyonAZ",2002,8,3,"Fall",77.32,"Winter"
"741",7,"RamseyCanyonAZ",2003,8,2,"Fall",213.81,"Monsoon"
"135",7,"RamseyCanyonAZ",2003,8,2,"Fall",39,"Tmax"
"337",7,"RamseyCanyonAZ",2003,8,2,"Fall",16.7,"Tmin"
"539",7,"RamseyCanyonAZ",2003,8,2,"Fall",109.67,"Winter"
"742",7,"RamseyCanyonAZ",2004,7,31,"Fall",221.07,"Monsoon"
"136",7,"RamseyCanyonAZ",2004,7,31,"Fall",35.4,"Tmax"
"338",7,"RamseyCanyonAZ",2004,7,31,"Fall",11.7,"Tmin"
"540",7,"RamseyCanyonAZ",2004,7,31,"Fall",214.09,"Winter"
"743",7,"RamseyCanyonAZ",2005,7,31,"Fall",288.47,"Monsoon"
"137",7,"RamseyCanyonAZ",2005,7,31,"Fall",38.8,"Tmax"
"339",7,"RamseyCanyonAZ",2005,7,31,"Fall",16.4,"Tmin"
"541",7,"RamseyCanyonAZ",2005,7,31,"Fall",208.81,"Winter"
"744",7,"RamseyCanyonAZ",2006,7,29,"Fall",340.48,"Monsoon"
"138",7,"RamseyCanyonAZ",2006,7,29,"Fall",37.3,"Tmax"
"340",7,"RamseyCanyonAZ",2006,7,29,"Fall",16.1,"Tmin"
"542",7,"RamseyCanyonAZ",2006,7,29,"Fall",53.66,"Winter"
"745",7,"RamseyCanyonAZ",2007,8,11,"Fall",266.11,"Monsoon"
"139",7,"RamseyCanyonAZ",2007,8,11,"Fall",36.7,"Tmax"
"341",7,"RamseyCanyonAZ",2007,8,11,"Fall",15.4,"Tmin"
"543",7,"RamseyCanyonAZ",2007,8,11,"Fall",152.54,"Winter"
"746",7,"RamseyCanyonAZ",2008,8,2,"Fall",373.52,"Monsoon"
"140",7,"RamseyCanyonAZ",2008,8,2,"Fall",35,"Tmax"
"342",7,"RamseyCanyonAZ",2008,8,2,"Fall",16.9,"Tmin"
"544",7,"RamseyCanyonAZ",2008,8,2,"Fall",146.82,"Winter"
"747",7,"RamseyCanyonAZ",2009,8,1,"Fall",153.84,"Monsoon"
"141",7,"RamseyCanyonAZ",2009,8,1,"Fall",36.6,"Tmax"
"343",7,"RamseyCanyonAZ",2009,8,1,"Fall",18,"Tmin"
"545",7,"RamseyCanyonAZ",2009,8,1,"Fall",103.73,"Winter"
"748",7,"RamseyCanyonAZ",2010,7,31,"Fall",314.11,"Monsoon"
"142",7,"RamseyCanyonAZ",2010,7,31,"Fall",36.4,"Tmax"
"344",7,"RamseyCanyonAZ",2010,7,31,"Fall",16.8,"Tmin"
"546",7,"RamseyCanyonAZ",2010,7,31,"Fall",304.89,"Winter"
"749",7,"RamseyCanyonAZ",2011,7,30,"Fall",207.22,"Monsoon"
"143",7,"RamseyCanyonAZ",2011,7,30,"Fall",39.3,"Tmax"
"345",7,"RamseyCanyonAZ",2011,7,30,"Fall",14.2,"Tmin"
"547",7,"RamseyCanyonAZ",2011,7,30,"Fall",41.44,"Winter"
"750",7,"RamseyCanyonAZ",2012,8,4,"Fall",271.68,"Monsoon"
"144",7,"RamseyCanyonAZ",2012,8,4,"Fall",35.2,"Tmax"
"346",7,"RamseyCanyonAZ",2012,8,4,"Fall",15.6,"Tmin"
"548",7,"RamseyCanyonAZ",2012,8,4,"Fall",96.78,"Winter"
"751",7,"RamseyCanyonAZ",2013,8,3,"Fall",323.22,"Monsoon"
"145",7,"RamseyCanyonAZ",2013,8,3,"Fall",35.2,"Tmax"
"347",7,"RamseyCanyonAZ",2013,8,3,"Fall",17.4,"Tmin"
"549",7,"RamseyCanyonAZ",2013,8,3,"Fall",108.36,"Winter"
"752",7,"RamseyCanyonAZ",2014,8,2,"Fall",489.28,"Monsoon"
"146",7,"RamseyCanyonAZ",2014,8,2,"Fall",35.6,"Tmax"
"348",7,"RamseyCanyonAZ",2014,8,2,"Fall",17.3,"Tmin"
"550",7,"RamseyCanyonAZ",2014,8,2,"Fall",84.46,"Winter"
"753",7,"RamseyCanyonAZ",2015,8,6,"Fall",310.18,"Monsoon"
"147",7,"RamseyCanyonAZ",2015,8,6,"Fall",35.3,"Tmax"
"349",7,"RamseyCanyonAZ",2015,8,6,"Fall",16.6,"Tmin"
"551",7,"RamseyCanyonAZ",2015,8,6,"Fall",194.4,"Winter"
"754",7,"RamseyCanyonAZ",2016,8,1,"Fall",369.77,"Monsoon"
"148",7,"RamseyCanyonAZ",2016,8,1,"Fall",35.9,"Tmax"
"350",7,"RamseyCanyonAZ",2016,8,1,"Fall",17.8,"Tmin"
"552",7,"RamseyCanyonAZ",2016,8,1,"Fall",151.45,"Winter"
"755",7,"RamseyCanyonAZ",2017,8,1,"Fall",225.29,"Monsoon"
"149",7,"RamseyCanyonAZ",2017,8,1,"Fall",37.7,"Tmax"
"351",7,"RamseyCanyonAZ",2017,8,1,"Fall",16.7,"Tmin"
"553",7,"RamseyCanyonAZ",2017,8,1,"Fall",124.86,"Winter"
"756",7,"RamseyCanyonAZ",2018,8,6,"Fall",245.88,"Monsoon"
"150",7,"RamseyCanyonAZ",2018,8,6,"Fall",37.9,"Tmax"
"352",7,"RamseyCanyonAZ",2018,8,6,"Fall",17.3,"Tmin"
"554",7,"RamseyCanyonAZ",2018,8,6,"Fall",108.88,"Winter"
"757",7,"RamseyCanyonAZ",2019,8,1,"Fall",240.27,"Monsoon"
"151",7,"RamseyCanyonAZ",2019,8,1,"Fall",38.1,"Tmax"
"353",7,"RamseyCanyonAZ",2019,8,1,"Fall",14.8,"Tmin"
"555",7,"RamseyCanyonAZ",2019,8,1,"Fall",251.04,"Winter"
"758",7,"RamseyCanyonAZ",2020,7,28,"Fall",118.38,"Monsoon"
"152",7,"RamseyCanyonAZ",2020,7,28,"Fall",39.5,"Tmax"
"354",7,"RamseyCanyonAZ",2020,7,28,"Fall",15.9,"Tmin"
"556",7,"RamseyCanyonAZ",2020,7,28,"Fall",338.55,"Winter"
"759",7,"RamseyCanyonAZ",2021,8,2,"Fall",285.47,"Monsoon"
"153",7,"RamseyCanyonAZ",2021,8,2,"Fall",38.1,"Tmax"
"355",7,"RamseyCanyonAZ",2021,8,2,"Fall",15.5,"Tmin"
"557",7,"RamseyCanyonAZ",2021,8,2,"Fall",71.44,"Winter"
"626",8,"BoyceThompsonArboretum",2007,8,11,"Fall",125.98,"Monsoon"
"20",8,"BoyceThompsonArboretum",2007,8,11,"Fall",39.6,"Tmax"
"222",8,"BoyceThompsonArboretum",2007,8,11,"Fall",19.3,"Tmin"
"424",8,"BoyceThompsonArboretum",2007,8,11,"Fall",149.43,"Winter"
"627",8,"BoyceThompsonArboretum",2009,9,12,"Fall",88.32,"Monsoon"
"21",8,"BoyceThompsonArboretum",2009,9,12,"Fall",38.5,"Tmax"
"223",8,"BoyceThompsonArboretum",2009,9,12,"Fall",18.8,"Tmin"
"425",8,"BoyceThompsonArboretum",2009,9,12,"Fall",328.24,"Winter"
"628",8,"BoyceThompsonArboretum",2010,9,11,"Fall",215.69,"Monsoon"
"22",8,"BoyceThompsonArboretum",2010,9,11,"Fall",38.2,"Tmax"
"224",8,"BoyceThompsonArboretum",2010,9,11,"Fall",15.3,"Tmin"
"426",8,"BoyceThompsonArboretum",2010,9,11,"Fall",476.15,"Winter"
"629",8,"BoyceThompsonArboretum",2011,9,10,"Fall",187.63,"Monsoon"
"23",8,"BoyceThompsonArboretum",2011,9,10,"Fall",40.1,"Tmax"
"225",8,"BoyceThompsonArboretum",2011,9,10,"Fall",18,"Tmin"
"427",8,"BoyceThompsonArboretum",2011,9,10,"Fall",180.08,"Winter"
"630",8,"BoyceThompsonArboretum",2012,9,15,"Fall",112.56,"Monsoon"
"24",8,"BoyceThompsonArboretum",2012,9,15,"Fall",35.8,"Tmax"
"226",8,"BoyceThompsonArboretum",2012,9,15,"Fall",17.1,"Tmin"
"428",8,"BoyceThompsonArboretum",2012,9,15,"Fall",226.24,"Winter"
"631",8,"BoyceThompsonArboretum",2013,9,7,"Fall",96.76,"Monsoon"
"25",8,"BoyceThompsonArboretum",2013,9,7,"Fall",38.7,"Tmax"
"227",8,"BoyceThompsonArboretum",2013,9,7,"Fall",19.6,"Tmin"
"429",8,"BoyceThompsonArboretum",2013,9,7,"Fall",227.93,"Winter"
"632",8,"BoyceThompsonArboretum",2014,9,6,"Fall",380.82,"Monsoon"
"26",8,"BoyceThompsonArboretum",2014,9,6,"Fall",36.3,"Tmax"
"228",8,"BoyceThompsonArboretum",2014,9,6,"Fall",18,"Tmin"
"430",8,"BoyceThompsonArboretum",2014,9,6,"Fall",203.65,"Winter"
"633",8,"BoyceThompsonArboretum",2015,9,12,"Fall",155.01,"Monsoon"
"27",8,"BoyceThompsonArboretum",2015,9,12,"Fall",40.3,"Tmax"
"229",8,"BoyceThompsonArboretum",2015,9,12,"Fall",18,"Tmin"
"431",8,"BoyceThompsonArboretum",2015,9,12,"Fall",288.77,"Winter"
"634",8,"BoyceThompsonArboretum",2016,9,10,"Fall",102.26,"Monsoon"
"28",8,"BoyceThompsonArboretum",2016,9,10,"Fall",37.3,"Tmax"
"230",8,"BoyceThompsonArboretum",2016,9,10,"Fall",17.6,"Tmin"
"432",8,"BoyceThompsonArboretum",2016,9,10,"Fall",237.42,"Winter"
"635",8,"BoyceThompsonArboretum",2017,9,9,"Fall",136.34,"Monsoon"
"29",8,"BoyceThompsonArboretum",2017,9,9,"Fall",36.9,"Tmax"
"231",8,"BoyceThompsonArboretum",2017,9,9,"Fall",18.7,"Tmin"
"433",8,"BoyceThompsonArboretum",2017,9,9,"Fall",316.47,"Winter"
"636",8,"BoyceThompsonArboretum",2018,9,8,"Fall",140.57,"Monsoon"
"30",8,"BoyceThompsonArboretum",2018,9,8,"Fall",37.1,"Tmax"
"232",8,"BoyceThompsonArboretum",2018,9,8,"Fall",18.2,"Tmin"
"434",8,"BoyceThompsonArboretum",2018,9,8,"Fall",44.74,"Winter"
"637",8,"BoyceThompsonArboretum",2019,9,7,"Fall",204.43,"Monsoon"
"31",8,"BoyceThompsonArboretum",2019,9,7,"Fall",39.9,"Tmax"
"233",8,"BoyceThompsonArboretum",2019,9,7,"Fall",19.8,"Tmin"
"435",8,"BoyceThompsonArboretum",2019,9,7,"Fall",347.01,"Winter"
"638",8,"BoyceThompsonArboretum",2020,9,12,"Fall",20.31,"Monsoon"
"32",8,"BoyceThompsonArboretum",2020,9,12,"Fall",40.8,"Tmax"
"234",8,"BoyceThompsonArboretum",2020,9,12,"Fall",15,"Tmin"
"436",8,"BoyceThompsonArboretum",2020,9,12,"Fall",304.06,"Winter"
"639",8,"BoyceThompsonArboretum",2021,9,11,"Fall",246.56,"Monsoon"
"33",8,"BoyceThompsonArboretum",2021,9,11,"Fall",37.1,"Tmax"
"235",8,"BoyceThompsonArboretum",2021,9,11,"Fall",18.5,"Tmin"
"437",8,"BoyceThompsonArboretum",2021,9,11,"Fall",147.83,"Winter"
"646",9,"GrandCanyonNorthRim",2019,7,25,"Fall",38.64,"Monsoon"
"40",9,"GrandCanyonNorthRim",2019,7,25,"Fall",33.9,"Tmax"
"242",9,"GrandCanyonNorthRim",2019,7,25,"Fall",9.9,"Tmin"
"444",9,"GrandCanyonNorthRim",2019,7,25,"Fall",470.42,"Winter"
"647",9,"GrandCanyonNorthRim",2021,7,31,"Fall",125.13,"Monsoon"
"41",9,"GrandCanyonNorthRim",2021,7,31,"Fall",37,"Tmax"
"243",9,"GrandCanyonNorthRim",2021,7,31,"Fall",13,"Tmin"
"445",9,"GrandCanyonNorthRim",2021,7,31,"Fall",198.25,"Winter"
"607",10,"AtascosaHighlandsAZ",1983,7,30,"Fall",402.23,"Monsoon"
"1",10,"AtascosaHighlandsAZ",1983,7,30,"Fall",38.7,"Tmax"
"203",10,"AtascosaHighlandsAZ",1983,7,30,"Fall",15.6,"Tmin"
"405",10,"AtascosaHighlandsAZ",1983,7,30,"Fall",417.51,"Winter"
"608",10,"AtascosaHighlandsAZ",1984,8,5,"Fall",504.06,"Monsoon"
"2",10,"AtascosaHighlandsAZ",1984,8,5,"Fall",33.2,"Tmax"
"204",10,"AtascosaHighlandsAZ",1984,8,5,"Fall",16.5,"Tmin"
"406",10,"AtascosaHighlandsAZ",1984,8,5,"Fall",282,"Winter"
"609",10,"AtascosaHighlandsAZ",1985,8,17,"Fall",299.17,"Monsoon"
"3",10,"AtascosaHighlandsAZ",1985,8,17,"Fall",34,"Tmax"
"205",10,"AtascosaHighlandsAZ",1985,8,17,"Fall",12.8,"Tmin"
"407",10,"AtascosaHighlandsAZ",1985,8,17,"Fall",344.98,"Winter"
"610",10,"AtascosaHighlandsAZ",1986,8,30,"Fall",335.14,"Monsoon"
"4",10,"AtascosaHighlandsAZ",1986,8,30,"Fall",37.9,"Tmax"
"206",10,"AtascosaHighlandsAZ",1986,8,30,"Fall",14.7,"Tmin"
"408",10,"AtascosaHighlandsAZ",1986,8,30,"Fall",255.64,"Winter"
"611",10,"AtascosaHighlandsAZ",1987,8,22,"Fall",370.85,"Monsoon"
"5",10,"AtascosaHighlandsAZ",1987,8,22,"Fall",36,"Tmax"
"207",10,"AtascosaHighlandsAZ",1987,8,22,"Fall",13.1,"Tmin"
"409",10,"AtascosaHighlandsAZ",1987,8,22,"Fall",189.69,"Winter"
"612",10,"AtascosaHighlandsAZ",1988,8,13,"Fall",338.76,"Monsoon"
"6",10,"AtascosaHighlandsAZ",1988,8,13,"Fall",35.3,"Tmax"
"208",10,"AtascosaHighlandsAZ",1988,8,13,"Fall",15.4,"Tmin"
"410",10,"AtascosaHighlandsAZ",1988,8,13,"Fall",229.41,"Winter"
"613",10,"AtascosaHighlandsAZ",1989,8,20,"Fall",159.3,"Monsoon"
"7",10,"AtascosaHighlandsAZ",1989,8,20,"Fall",34.5,"Tmax"
"209",10,"AtascosaHighlandsAZ",1989,8,20,"Fall",16,"Tmin"
"411",10,"AtascosaHighlandsAZ",1989,8,20,"Fall",193.62,"Winter"
"614",10,"AtascosaHighlandsAZ",1990,8,18,"Fall",410.36,"Monsoon"
"8",10,"AtascosaHighlandsAZ",1990,8,18,"Fall",33.1,"Tmax"
"210",10,"AtascosaHighlandsAZ",1990,8,18,"Fall",14.1,"Tmin"
"412",10,"AtascosaHighlandsAZ",1990,8,18,"Fall",224.18,"Winter"
"615",10,"AtascosaHighlandsAZ",1991,8,10,"Fall",189.67,"Monsoon"
"9",10,"AtascosaHighlandsAZ",1991,8,10,"Fall",34.4,"Tmax"
"211",10,"AtascosaHighlandsAZ",1991,8,10,"Fall",15.2,"Tmin"
"413",10,"AtascosaHighlandsAZ",1991,8,10,"Fall",293.42,"Winter"
"616",10,"AtascosaHighlandsAZ",1992,8,16,"Fall",294.54,"Monsoon"
"10",10,"AtascosaHighlandsAZ",1992,8,16,"Fall",36.6,"Tmax"
"212",10,"AtascosaHighlandsAZ",1992,8,16,"Fall",15.2,"Tmin"
"414",10,"AtascosaHighlandsAZ",1992,8,16,"Fall",308.33,"Winter"
"617",10,"AtascosaHighlandsAZ",1993,8,14,"Fall",315.77,"Monsoon"
"11",10,"AtascosaHighlandsAZ",1993,8,14,"Fall",36.5,"Tmax"
"213",10,"AtascosaHighlandsAZ",1993,8,14,"Fall",14.3,"Tmin"
"415",10,"AtascosaHighlandsAZ",1993,8,14,"Fall",425.95,"Winter"
"618",10,"AtascosaHighlandsAZ",1994,8,13,"Fall",209.53,"Monsoon"
"12",10,"AtascosaHighlandsAZ",1994,8,13,"Fall",37.5,"Tmax"
"214",10,"AtascosaHighlandsAZ",1994,8,13,"Fall",16,"Tmin"
"416",10,"AtascosaHighlandsAZ",1994,8,13,"Fall",223.56,"Winter"
"619",10,"AtascosaHighlandsAZ",1995,8,20,"Fall",245.61,"Monsoon"
"13",10,"AtascosaHighlandsAZ",1995,8,20,"Fall",40.3,"Tmax"
"215",10,"AtascosaHighlandsAZ",1995,8,20,"Fall",16.2,"Tmin"
"417",10,"AtascosaHighlandsAZ",1995,8,20,"Fall",423.59,"Winter"
"620",10,"AtascosaHighlandsAZ",1996,8,18,"Fall",332.31,"Monsoon"
"14",10,"AtascosaHighlandsAZ",1996,8,18,"Fall",36.4,"Tmax"
"216",10,"AtascosaHighlandsAZ",1996,8,18,"Fall",16.6,"Tmin"
"418",10,"AtascosaHighlandsAZ",1996,8,18,"Fall",114.26,"Winter"
"621",10,"AtascosaHighlandsAZ",1997,8,16,"Fall",266.39,"Monsoon"
"15",10,"AtascosaHighlandsAZ",1997,8,16,"Fall",36.1,"Tmax"
"217",10,"AtascosaHighlandsAZ",1997,8,16,"Fall",16.2,"Tmin"
"419",10,"AtascosaHighlandsAZ",1997,8,16,"Fall",185.7,"Winter"
"622",10,"AtascosaHighlandsAZ",1998,8,15,"Fall",406.79,"Monsoon"
"16",10,"AtascosaHighlandsAZ",1998,8,15,"Fall",36.5,"Tmax"
"218",10,"AtascosaHighlandsAZ",1998,8,15,"Fall",16.6,"Tmin"
"420",10,"AtascosaHighlandsAZ",1998,8,15,"Fall",347.54,"Winter"
"623",10,"AtascosaHighlandsAZ",1999,8,14,"Fall",343.47,"Monsoon"
"17",10,"AtascosaHighlandsAZ",1999,8,14,"Fall",34.1,"Tmax"
"219",10,"AtascosaHighlandsAZ",1999,8,14,"Fall",15.4,"Tmin"
"421",10,"AtascosaHighlandsAZ",1999,8,14,"Fall",133.02,"Winter"
"624",10,"AtascosaHighlandsAZ",2000,8,19,"Fall",217.47,"Monsoon"
"18",10,"AtascosaHighlandsAZ",2000,8,19,"Fall",36.6,"Tmax"
"220",10,"AtascosaHighlandsAZ",2000,8,19,"Fall",17,"Tmin"
"422",10,"AtascosaHighlandsAZ",2000,8,19,"Fall",42.52,"Winter"
"625",10,"AtascosaHighlandsAZ",2001,8,18,"Fall",249.68,"Monsoon"
"19",10,"AtascosaHighlandsAZ",2001,8,18,"Fall",34.5,"Tmax"
"221",10,"AtascosaHighlandsAZ",2001,8,18,"Fall",16.6,"Tmin"
"423",10,"AtascosaHighlandsAZ",2001,8,18,"Fall",461.91,"Winter"
"760",11,"SabinoCanyonAZ",1991,7,27,"Fall",187.58,"Monsoon"
"154",11,"SabinoCanyonAZ",1991,7,27,"Fall",36.3,"Tmax"
"356",11,"SabinoCanyonAZ",1991,7,27,"Fall",17,"Tmin"
"558",11,"SabinoCanyonAZ",1991,7,27,"Fall",393.33,"Winter"
"761",11,"SabinoCanyonAZ",1992,7,26,"Fall",266.84,"Monsoon"
"155",11,"SabinoCanyonAZ",1992,7,26,"Fall",37.8,"Tmax"
"357",11,"SabinoCanyonAZ",1992,7,26,"Fall",14.8,"Tmin"
"559",11,"SabinoCanyonAZ",1992,7,26,"Fall",444.8,"Winter"
"762",11,"SabinoCanyonAZ",1993,7,30,"Fall",364.68,"Monsoon"
"156",11,"SabinoCanyonAZ",1993,7,30,"Fall",35.8,"Tmax"
"358",11,"SabinoCanyonAZ",1993,7,30,"Fall",16.1,"Tmin"
"560",11,"SabinoCanyonAZ",1993,7,30,"Fall",699.98,"Winter"
"763",11,"SabinoCanyonAZ",1994,7,22,"Fall",203.85,"Monsoon"
"157",11,"SabinoCanyonAZ",1994,7,22,"Fall",40,"Tmax"
"359",11,"SabinoCanyonAZ",1994,7,22,"Fall",16.3,"Tmin"
"561",11,"SabinoCanyonAZ",1994,7,22,"Fall",346.72,"Winter"
"764",11,"SabinoCanyonAZ",1995,7,29,"Fall",197.97,"Monsoon"
"158",11,"SabinoCanyonAZ",1995,7,29,"Fall",40.7,"Tmax"
"360",11,"SabinoCanyonAZ",1995,7,29,"Fall",16.1,"Tmin"
"562",11,"SabinoCanyonAZ",1995,7,29,"Fall",537.09,"Winter"
"765",11,"SabinoCanyonAZ",1996,7,27,"Fall",241.35,"Monsoon"
"159",11,"SabinoCanyonAZ",1996,7,27,"Fall",36.2,"Tmax"
"361",11,"SabinoCanyonAZ",1996,7,27,"Fall",16.4,"Tmin"
"563",11,"SabinoCanyonAZ",1996,7,27,"Fall",157.46,"Winter"
"766",11,"SabinoCanyonAZ",1997,7,26,"Fall",191.51,"Monsoon"
"160",11,"SabinoCanyonAZ",1997,7,26,"Fall",37.9,"Tmax"
"362",11,"SabinoCanyonAZ",1997,7,26,"Fall",17,"Tmin"
"564",11,"SabinoCanyonAZ",1997,7,26,"Fall",258.55,"Winter"
"767",11,"SabinoCanyonAZ",1998,8,1,"Fall",269.98,"Monsoon"
"161",11,"SabinoCanyonAZ",1998,8,1,"Fall",39.5,"Tmax"
"363",11,"SabinoCanyonAZ",1998,8,1,"Fall",16.3,"Tmin"
"565",11,"SabinoCanyonAZ",1998,8,1,"Fall",535.9,"Winter"
"768",11,"SabinoCanyonAZ",2000,7,26,"Fall",211.38,"Monsoon"
"162",11,"SabinoCanyonAZ",2000,7,26,"Fall",37.9,"Tmax"
"364",11,"SabinoCanyonAZ",2000,7,26,"Fall",16.6,"Tmin"
"566",11,"SabinoCanyonAZ",2000,7,26,"Fall",69.29,"Winter"
"769",11,"SabinoCanyonAZ",2001,7,18,"Fall",210.23,"Monsoon"
"163",11,"SabinoCanyonAZ",2001,7,18,"Fall",38.4,"Tmax"
"365",11,"SabinoCanyonAZ",2001,7,18,"Fall",16.5,"Tmin"
"567",11,"SabinoCanyonAZ",2001,7,18,"Fall",583.11,"Winter"
"770",11,"SabinoCanyonAZ",2002,7,31,"Fall",178.15,"Monsoon"
"164",11,"SabinoCanyonAZ",2002,7,31,"Fall",37.7,"Tmax"
"366",11,"SabinoCanyonAZ",2002,7,31,"Fall",18,"Tmin"
"568",11,"SabinoCanyonAZ",2002,7,31,"Fall",136.74,"Winter"
"771",11,"SabinoCanyonAZ",2008,7,19,"Fall",238.77,"Monsoon"
"165",11,"SabinoCanyonAZ",2008,7,19,"Fall",38.3,"Tmax"
"367",11,"SabinoCanyonAZ",2008,7,19,"Fall",15.8,"Tmin"
"569",11,"SabinoCanyonAZ",2008,7,19,"Fall",239.13,"Winter"
"772",11,"SabinoCanyonAZ",2009,7,18,"Fall",149.27,"Monsoon"
"166",11,"SabinoCanyonAZ",2009,7,18,"Fall",37.1,"Tmax"
"368",11,"SabinoCanyonAZ",2009,7,18,"Fall",13.4,"Tmin"
"570",11,"SabinoCanyonAZ",2009,7,18,"Fall",141.14,"Winter"
"773",11,"SabinoCanyonAZ",2010,7,17,"Fall",227.4,"Monsoon"
"167",11,"SabinoCanyonAZ",2010,7,17,"Fall",37.8,"Tmax"
"369",11,"SabinoCanyonAZ",2010,7,17,"Fall",17.1,"Tmin"
"571",11,"SabinoCanyonAZ",2010,7,17,"Fall",400.36,"Winter"
"774",11,"SabinoCanyonAZ",2011,4,2,"Spring",224.5,"Monsoon"
"168",11,"SabinoCanyonAZ",2011,4,2,"Spring",31.4,"Tmax"
"370",11,"SabinoCanyonAZ",2011,4,2,"Spring",1.7,"Tmin"
"572",11,"SabinoCanyonAZ",2011,4,2,"Spring",220.63,"Winter"
"775",11,"SabinoCanyonAZ",2011,7,16,"Fall",224.5,"Monsoon"
"169",11,"SabinoCanyonAZ",2011,7,16,"Fall",40,"Tmax"
"371",11,"SabinoCanyonAZ",2011,7,16,"Fall",15,"Tmin"
"573",11,"SabinoCanyonAZ",2011,7,16,"Fall",220.63,"Winter"
"776",11,"SabinoCanyonAZ",2012,3,25,"Spring",244.17,"Monsoon"
"170",11,"SabinoCanyonAZ",2012,3,25,"Spring",26,"Tmax"
"372",11,"SabinoCanyonAZ",2012,3,25,"Spring",-3.4,"Tmin"
"574",11,"SabinoCanyonAZ",2012,3,25,"Spring",257.88,"Winter"
"777",11,"SabinoCanyonAZ",2012,7,21,"Fall",244.17,"Monsoon"
"171",11,"SabinoCanyonAZ",2012,7,21,"Fall",37.7,"Tmax"
"373",11,"SabinoCanyonAZ",2012,7,21,"Fall",16,"Tmin"
"575",11,"SabinoCanyonAZ",2012,7,21,"Fall",257.88,"Winter"
"778",11,"SabinoCanyonAZ",2013,4,7,"Spring",258.15,"Monsoon"
"172",11,"SabinoCanyonAZ",2013,4,7,"Spring",28.1,"Tmax"
"374",11,"SabinoCanyonAZ",2013,4,7,"Spring",0.6,"Tmin"
"576",11,"SabinoCanyonAZ",2013,4,7,"Spring",198.73,"Winter"
"779",11,"SabinoCanyonAZ",2013,7,20,"Fall",258.15,"Monsoon"
"173",11,"SabinoCanyonAZ",2013,7,20,"Fall",38.2,"Tmax"
"375",11,"SabinoCanyonAZ",2013,7,20,"Fall",18.1,"Tmin"
"577",11,"SabinoCanyonAZ",2013,7,20,"Fall",198.73,"Winter"
"780",11,"SabinoCanyonAZ",2014,4,6,"Spring",333.51,"Monsoon"
"174",11,"SabinoCanyonAZ",2014,4,6,"Spring",24.8,"Tmax"
"376",11,"SabinoCanyonAZ",2014,4,6,"Spring",1.9,"Tmin"
"578",11,"SabinoCanyonAZ",2014,4,6,"Spring",137.51,"Winter"
"781",11,"SabinoCanyonAZ",2014,7,19,"Fall",333.51,"Monsoon"
"175",11,"SabinoCanyonAZ",2014,7,19,"Fall",36.4,"Tmax"
"377",11,"SabinoCanyonAZ",2014,7,19,"Fall",16.9,"Tmin"
"579",11,"SabinoCanyonAZ",2014,7,19,"Fall",137.51,"Winter"
"782",11,"SabinoCanyonAZ",2015,3,29,"Spring",550.62,"Monsoon"
"176",11,"SabinoCanyonAZ",2015,3,29,"Spring",27.8,"Tmax"
"378",11,"SabinoCanyonAZ",2015,3,29,"Spring",0.9,"Tmin"
"580",11,"SabinoCanyonAZ",2015,3,29,"Spring",421.29,"Winter"
"783",11,"SabinoCanyonAZ",2015,7,18,"Fall",550.62,"Monsoon"
"177",11,"SabinoCanyonAZ",2015,7,18,"Fall",38,"Tmax"
"379",11,"SabinoCanyonAZ",2015,7,18,"Fall",18,"Tmin"
"581",11,"SabinoCanyonAZ",2015,7,18,"Fall",421.29,"Winter"
"784",11,"SabinoCanyonAZ",2016,4,3,"Spring",219.55,"Monsoon"
"178",11,"SabinoCanyonAZ",2016,4,3,"Spring",27,"Tmax"
"380",11,"SabinoCanyonAZ",2016,4,3,"Spring",0.4,"Tmin"
"582",11,"SabinoCanyonAZ",2016,4,3,"Spring",362.11,"Winter"
"785",11,"SabinoCanyonAZ",2016,7,16,"Fall",219.55,"Monsoon"
"179",11,"SabinoCanyonAZ",2016,7,16,"Fall",39.9,"Tmax"
"381",11,"SabinoCanyonAZ",2016,7,16,"Fall",16.7,"Tmin"
"583",11,"SabinoCanyonAZ",2016,7,16,"Fall",362.11,"Winter"
"786",11,"SabinoCanyonAZ",2017,3,26,"Spring",314.03,"Monsoon"
"180",11,"SabinoCanyonAZ",2017,3,26,"Spring",28.9,"Tmax"
"382",11,"SabinoCanyonAZ",2017,3,26,"Spring",-1.5,"Tmin"
"584",11,"SabinoCanyonAZ",2017,3,26,"Spring",265.07,"Winter"
"787",11,"SabinoCanyonAZ",2017,7,15,"Fall",314.03,"Monsoon"
"181",11,"SabinoCanyonAZ",2017,7,15,"Fall",40.8,"Tmax"
"383",11,"SabinoCanyonAZ",2017,7,15,"Fall",17,"Tmin"
"585",11,"SabinoCanyonAZ",2017,7,15,"Fall",265.07,"Winter"
"788",11,"SabinoCanyonAZ",2018,4,3,"Spring",213.57,"Monsoon"
"182",11,"SabinoCanyonAZ",2018,4,3,"Spring",26.9,"Tmax"
"384",11,"SabinoCanyonAZ",2018,4,3,"Spring",1.3,"Tmin"
"586",11,"SabinoCanyonAZ",2018,4,3,"Spring",161,"Winter"
"789",11,"SabinoCanyonAZ",2018,7,31,"Fall",213.57,"Monsoon"
"183",11,"SabinoCanyonAZ",2018,7,31,"Fall",38.8,"Tmax"
"385",11,"SabinoCanyonAZ",2018,7,31,"Fall",17.5,"Tmin"
"587",11,"SabinoCanyonAZ",2018,7,31,"Fall",161,"Winter"
"790",11,"SabinoCanyonAZ",2019,7,23,"Fall",178.01,"Monsoon"
"184",11,"SabinoCanyonAZ",2019,7,23,"Fall",37.7,"Tmax"
"386",11,"SabinoCanyonAZ",2019,7,23,"Fall",16.2,"Tmin"
"588",11,"SabinoCanyonAZ",2019,7,23,"Fall",451.93,"Winter"
"791",11,"SabinoCanyonAZ",2020,4,3,"Spring",69.09,"Monsoon"
"185",11,"SabinoCanyonAZ",2020,4,3,"Spring",24.1,"Tmax"
"387",11,"SabinoCanyonAZ",2020,4,3,"Spring",-0.8,"Tmin"
"589",11,"SabinoCanyonAZ",2020,4,3,"Spring",272.38,"Winter"
"792",11,"SabinoCanyonAZ",2020,7,29,"Fall",69.09,"Monsoon"
"186",11,"SabinoCanyonAZ",2020,7,29,"Fall",39.5,"Tmax"
"388",11,"SabinoCanyonAZ",2020,7,29,"Fall",17.4,"Tmin"
"590",11,"SabinoCanyonAZ",2020,7,29,"Fall",272.38,"Winter"
"793",11,"SabinoCanyonAZ",2021,3,28,"Spring",408.88,"Monsoon"
"187",11,"SabinoCanyonAZ",2021,3,28,"Spring",24.3,"Tmax"
"389",11,"SabinoCanyonAZ",2021,3,28,"Spring",-2.2,"Tmin"
"591",11,"SabinoCanyonAZ",2021,3,28,"Spring",88.09,"Winter"
"794",11,"SabinoCanyonAZ",2021,7,26,"Fall",408.88,"Monsoon"
"188",11,"SabinoCanyonAZ",2021,7,26,"Fall",36.6,"Tmax"
"390",11,"SabinoCanyonAZ",2021,7,26,"Fall",16.1,"Tmin"
"592",11,"SabinoCanyonAZ",2021,7,26,"Fall",88.09,"Winter"
"702",12,"PortalAZ",1999,8,28,"Fall",360.65,"Monsoon"
"96",12,"PortalAZ",1999,8,28,"Fall",30.6,"Tmax"
"298",12,"PortalAZ",1999,8,28,"Fall",11,"Tmin"
"500",12,"PortalAZ",1999,8,28,"Fall",176.6,"Winter"
"703",12,"PortalAZ",2000,7,29,"Fall",145.05,"Monsoon"
"97",12,"PortalAZ",2000,7,29,"Fall",32.4,"Tmax"
"299",12,"PortalAZ",2000,7,29,"Fall",11.3,"Tmin"
"501",12,"PortalAZ",2000,7,29,"Fall",29.05,"Winter"
"704",12,"PortalAZ",2001,7,28,"Fall",280.55,"Monsoon"
"98",12,"PortalAZ",2001,7,28,"Fall",32.6,"Tmax"
"300",12,"PortalAZ",2001,7,28,"Fall",11.3,"Tmin"
"502",12,"PortalAZ",2001,7,28,"Fall",409.79,"Winter"
"705",12,"PortalAZ",2002,7,27,"Fall",242.84,"Monsoon"
"99",12,"PortalAZ",2002,7,27,"Fall",33.7,"Tmax"
"301",12,"PortalAZ",2002,7,27,"Fall",12.9,"Tmin"
"503",12,"PortalAZ",2002,7,27,"Fall",122.24,"Winter"
"706",12,"PortalAZ",2003,7,26,"Fall",155.47,"Monsoon"
"100",12,"PortalAZ",2003,7,26,"Fall",36.2,"Tmax"
"302",12,"PortalAZ",2003,7,26,"Fall",13.1,"Tmin"
"504",12,"PortalAZ",2003,7,26,"Fall",164.17,"Winter"
"707",12,"PortalAZ",2004,8,14,"Fall",249.63,"Monsoon"
"101",12,"PortalAZ",2004,8,14,"Fall",31.5,"Tmax"
"303",12,"PortalAZ",2004,8,14,"Fall",11.3,"Tmin"
"505",12,"PortalAZ",2004,8,14,"Fall",280.12,"Winter"
"708",12,"PortalAZ",2005,8,13,"Fall",401.58,"Monsoon"
"102",12,"PortalAZ",2005,8,13,"Fall",33.3,"Tmax"
"304",12,"PortalAZ",2005,8,13,"Fall",12.6,"Tmin"
"506",12,"PortalAZ",2005,8,13,"Fall",357.92,"Winter"
"709",12,"PortalAZ",2009,7,25,"Fall",169.1,"Monsoon"
"103",12,"PortalAZ",2009,7,25,"Fall",32.2,"Tmax"
"305",12,"PortalAZ",2009,7,25,"Fall",11.9,"Tmin"
"507",12,"PortalAZ",2009,7,25,"Fall",117.49,"Winter"
"710",12,"PortalAZ",2012,7,28,"Fall",255.49,"Monsoon"
"104",12,"PortalAZ",2012,7,28,"Fall",33.9,"Tmax"
"306",12,"PortalAZ",2012,7,28,"Fall",13.2,"Tmin"
"508",12,"PortalAZ",2012,7,28,"Fall",217.17,"Winter"
"711",12,"PortalAZ",2013,7,27,"Fall",395.17,"Monsoon"
"105",12,"PortalAZ",2013,7,27,"Fall",34.6,"Tmax"
"307",12,"PortalAZ",2013,7,27,"Fall",11.4,"Tmin"
"509",12,"PortalAZ",2013,7,27,"Fall",141.36,"Winter"
"712",12,"PortalAZ",2014,7,26,"Fall",664.51,"Monsoon"
"106",12,"PortalAZ",2014,7,26,"Fall",32.4,"Tmax"
"308",12,"PortalAZ",2014,7,26,"Fall",12.5,"Tmin"
"510",12,"PortalAZ",2014,7,26,"Fall",107.44,"Winter"
"713",12,"PortalAZ",2015,8,2,"Fall",395.09,"Monsoon"
"107",12,"PortalAZ",2015,8,2,"Fall",28.9,"Tmax"
"309",12,"PortalAZ",2015,8,2,"Fall",13,"Tmin"
"511",12,"PortalAZ",2015,8,2,"Fall",257.36,"Winter"
"714",12,"PortalAZ",2016,7,23,"Fall",466.59,"Monsoon"
"108",12,"PortalAZ",2016,7,23,"Fall",33.4,"Tmax"
"310",12,"PortalAZ",2016,7,23,"Fall",12,"Tmin"
"512",12,"PortalAZ",2016,7,23,"Fall",161.5,"Winter"
"715",12,"PortalAZ",2017,7,23,"Fall",295.53,"Monsoon"
"109",12,"PortalAZ",2017,7,23,"Fall",35.5,"Tmax"
"311",12,"PortalAZ",2017,7,23,"Fall",13.3,"Tmin"
"513",12,"PortalAZ",2017,7,23,"Fall",183.94,"Winter"
"716",12,"PortalAZ",2018,7,27,"Fall",297.72,"Monsoon"
"110",12,"PortalAZ",2018,7,27,"Fall",34.1,"Tmax"
"312",12,"PortalAZ",2018,7,27,"Fall",10.6,"Tmin"
"514",12,"PortalAZ",2018,7,27,"Fall",106.2,"Winter"
"717",12,"PortalAZ",2019,7,25,"Fall",255.55,"Monsoon"
"111",12,"PortalAZ",2019,7,25,"Fall",33.1,"Tmax"
"313",12,"PortalAZ",2019,7,25,"Fall",11.4,"Tmin"
"515",12,"PortalAZ",2019,7,25,"Fall",414.03,"Winter"
"718",12,"PortalAZ",2020,8,2,"Fall",131.73,"Monsoon"
"112",12,"PortalAZ",2020,8,2,"Fall",35.8,"Tmax"
"314",12,"PortalAZ",2020,8,2,"Fall",12.9,"Tmin"
"516",12,"PortalAZ",2020,8,2,"Fall",361.03,"Winter"
"719",12,"PortalAZ",2021,8,6,"Fall",453.86,"Monsoon"
"113",12,"PortalAZ",2021,8,6,"Fall",34.2,"Tmax"
"315",12,"PortalAZ",2021,8,6,"Fall",10.5,"Tmin"
"517",12,"PortalAZ",2021,8,6,"Fall",116.72,"Winter"
"795",13,"SantaRitaMountains",2011,7,31,"Fall",266.08,"Monsoon"
"189",13,"SantaRitaMountains",2011,7,31,"Fall",36.6,"Tmax"
"391",13,"SantaRitaMountains",2011,7,31,"Fall",15.3,"Tmin"
"593",13,"SantaRitaMountains",2011,7,31,"Fall",195.03,"Winter"
"796",13,"SantaRitaMountains",2012,7,29,"Fall",383.3,"Monsoon"
"190",13,"SantaRitaMountains",2012,7,29,"Fall",33.9,"Tmax"
"392",13,"SantaRitaMountains",2012,7,29,"Fall",14.6,"Tmin"
"594",13,"SantaRitaMountains",2012,7,29,"Fall",226.21,"Winter"
"797",13,"SantaRitaMountains",2013,7,28,"Fall",305,"Monsoon"
"191",13,"SantaRitaMountains",2013,7,28,"Fall",36.4,"Tmax"
"393",13,"SantaRitaMountains",2013,7,28,"Fall",15.9,"Tmin"
"595",13,"SantaRitaMountains",2013,7,28,"Fall",177.59,"Winter"
"798",13,"SantaRitaMountains",2014,7,27,"Fall",441.19,"Monsoon"
"192",13,"SantaRitaMountains",2014,7,27,"Fall",34.8,"Tmax"
"394",13,"SantaRitaMountains",2014,7,27,"Fall",16.6,"Tmin"
"596",13,"SantaRitaMountains",2014,7,27,"Fall",120.56,"Winter"
"799",13,"SantaRitaMountains",2015,7,26,"Fall",447.4,"Monsoon"
"193",13,"SantaRitaMountains",2015,7,26,"Fall",32.9,"Tmax"
"395",13,"SantaRitaMountains",2015,7,26,"Fall",14.8,"Tmin"
"597",13,"SantaRitaMountains",2015,7,26,"Fall",226.53,"Winter"
"800",13,"SantaRitaMountains",2016,7,31,"Fall",446.73,"Monsoon"
"194",13,"SantaRitaMountains",2016,7,31,"Fall",35.1,"Tmax"
"396",13,"SantaRitaMountains",2016,7,31,"Fall",16.3,"Tmin"
"598",13,"SantaRitaMountains",2016,7,31,"Fall",244.65,"Winter"
"801",13,"SantaRitaMountains",2017,7,26,"Fall",320.54,"Monsoon"
"195",13,"SantaRitaMountains",2017,7,26,"Fall",35.7,"Tmax"
"397",13,"SantaRitaMountains",2017,7,26,"Fall",15.8,"Tmin"
"599",13,"SantaRitaMountains",2017,7,26,"Fall",168.74,"Winter"
"802",13,"SantaRitaMountains",2018,7,29,"Fall",301.51,"Monsoon"
"196",13,"SantaRitaMountains",2018,7,29,"Fall",36.7,"Tmax"
"398",13,"SantaRitaMountains",2018,7,29,"Fall",15.2,"Tmin"
"600",13,"SantaRitaMountains",2018,7,29,"Fall",137.21,"Winter"
"803",13,"SantaRitaMountains",2019,7,28,"Fall",279.52,"Monsoon"
"197",13,"SantaRitaMountains",2019,7,28,"Fall",37,"Tmax"
"399",13,"SantaRitaMountains",2019,7,28,"Fall",16.6,"Tmin"
"601",13,"SantaRitaMountains",2019,7,28,"Fall",550.01,"Winter"
"804",13,"SantaRitaMountains",2020,7,31,"Fall",187.04,"Monsoon"
"198",13,"SantaRitaMountains",2020,7,31,"Fall",38.2,"Tmax"
"400",13,"SantaRitaMountains",2020,7,31,"Fall",15.8,"Tmin"
"602",13,"SantaRitaMountains",2020,7,31,"Fall",404.53,"Winter"
"805",13,"SantaRitaMountains",2021,7,31,"Fall",427.3,"Monsoon"
"199",13,"SantaRitaMountains",2021,7,31,"Fall",34.5,"Tmax"
"401",13,"SantaRitaMountains",2021,7,31,"Fall",14.5,"Tmin"
"603",13,"SantaRitaMountains",2021,7,31,"Fall",76.5,"Winter"
