family,genus,species,lower,upper,unit
Hesperiidae (Skippers),Apyrrothrix,araxes,4.5,5.7,cm
Hesperiidae (Skippers),Phocides,pigmalion,4.8,7,cm
Hesperiidae (Skippers),Phocides,belus,NA,NA,NA
Hesperiidae (Skippers),Phocides,palemon,4.2,6.3,cm
Hesperiidae (Skippers),Phocides,urania,NA,NA,NA
Hesperiidae (Skippers),Proteides,mercurius,5.8,7,cm
Hesperiidae (Skippers),Epargyreus,zestos,4.5,6,cm
Hesperiidae (Skippers),Epargyreus,clarus,4.5,6.7,cm
Hesperiidae (Skippers),Epargyreus,spanna,NA,NA,NA
Hesperiidae (Skippers),Epargyreus,exadeus,4.9,6.2,cm
Hesperiidae (Skippers),Polygonus,leo,4.3,5.9,cm
Hesperiidae (Skippers),Polygonus,savigny,3.8,4.5,cm
Hesperiidae (Skippers),Chioides,albofasciatus,3.9,5.4,cm
Hesperiidae (Skippers),Chioides,catillus,NA,NA,NA
Hesperiidae (Skippers),Chioides,zilpa,3.9,5.9,cm
Hesperiidae (Skippers),Chioides,ixion,NA,NA,NA
Hesperiidae (Skippers),Aguna,asander,3.8,5.6,cm
Hesperiidae (Skippers),Aguna,claxon,3.8,4.5,cm
Hesperiidae (Skippers),Aguna,metophis,3.7,4.8,cm
Hesperiidae (Skippers),Typhedanus,undulatus,4.2,4.8,cm
Hesperiidae (Skippers),Typhedanus,ampyx,NA,NA,NA
Hesperiidae (Skippers),Polythrix,octomaculata,3.5,4.6,cm
Hesperiidae (Skippers),Polythrix,mexicanus,3.5,4.1,cm
Hesperiidae (Skippers),Polythrix,asine,NA,NA,NA
Hesperiidae (Skippers),Polythrix,caunus,NA,NA,NA
Hesperiidae (Skippers),Zestusa,dorus,3.5,4.2,cm
Hesperiidae (Skippers),Codatractus,carlos,NA,NA,NA
Hesperiidae (Skippers),Codatractus,alcaeus,4.2,5.7,cm
Hesperiidae (Skippers),Codatractus,yucatanus,NA,NA,NA
Hesperiidae (Skippers),Codatractus,arizonensis,4.5,5.1,cm
Hesperiidae (Skippers),Codatractus,valeriana,NA,NA,NA
Hesperiidae (Skippers),Urbanus,proteus,4.5,6,cm
Hesperiidae (Skippers),Urbanus,viterboana,NA,NA,NA
Hesperiidae (Skippers),Urbanus,belli,NA,NA,NA
Hesperiidae (Skippers),Urbanus,pronus,3.4,4.4,cm
Hesperiidae (Skippers),Urbanus,esmeraldus,3.5,4.2,cm
Hesperiidae (Skippers),Urbanus,evona,NA,NA,NA
Hesperiidae (Skippers),Urbanus,dorantes,3.7,5.1,cm
Hesperiidae (Skippers),Urbanus,teleus,3.5,3.9,cm
Hesperiidae (Skippers),Urbanus,tanna,3.3,3.8,cm
Hesperiidae (Skippers),Urbanus,simplicius,3.8,5,cm
Hesperiidae (Skippers),Urbanus,procne,3.7,4.8,cm
Hesperiidae (Skippers),Urbanus,doryssus,3,4.8,cm
Hesperiidae (Skippers),Urbanus,albimargo,NA,NA,NA
Hesperiidae (Skippers),Astraptes,fulgerator,4.8,6.1,cm
Hesperiidae (Skippers),Astraptes,egregius,3.8,4.5,cm
Hesperiidae (Skippers),Astraptes,alardus,5.1,6.4,cm
Hesperiidae (Skippers),Astraptes,habana,NA,NA,NA
Hesperiidae (Skippers),Astraptes,alector,5.1,6.4,cm
Hesperiidae (Skippers),Astraptes,anaphus,5.1,6.4,cm
Hesperiidae (Skippers),Autochton,cellus,3.5,5.1,cm
Hesperiidae (Skippers),Autochton,pseudocellus,3.8,4.3,cm
Hesperiidae (Skippers),Autochton,cincta,NA,NA,NA
Hesperiidae (Skippers),Autochton,vectilucis,NA,NA,NA
Hesperiidae (Skippers),Autochton,neis,NA,NA,NA
Hesperiidae (Skippers),Autochton,longipennis,NA,NA,NA
Hesperiidae (Skippers),Achalarus,lyciades,4.5,4.9,cm
Hesperiidae (Skippers),Achalarus,casica,3.8,5.1,cm
Hesperiidae (Skippers),Achalarus,tehuacana,NA,NA,NA
Hesperiidae (Skippers),Achalarus,albociliatus,NA,NA,NA
Hesperiidae (Skippers),Achalarus,toxeus,4.2,5,cm
Hesperiidae (Skippers),Thessia,jalapus,4.2,5,cm
Hesperiidae (Skippers),Thorybes,drusius,3.8,4.5,cm
Hesperiidae (Skippers),Thorybes,pylades,3.2,4.7,cm
Hesperiidae (Skippers),Thorybes,bathyllus,3.3,5,cm
Hesperiidae (Skippers),Thorybes,confusis,3.8,4.8,cm
Hesperiidae (Skippers),Thorybes,diversus,3.2,3.8,cm
Hesperiidae (Skippers),Thorybes,mexicana,2.9,3.5,cm
Hesperiidae (Skippers),Cabares,potrillo,2.9,4.3,cm
Hesperiidae (Skippers),Celaenorrhinus,fritzgaertneri,4.2,5,cm
Hesperiidae (Skippers),Celaenorrhinus,stallingsi,3.5,4.5,cm
Hesperiidae (Skippers),Celaenorrhinus,stola,NA,NA,NA
Hesperiidae (Skippers),Spathilepia,clonius,4.2,4.6,cm
Hesperiidae (Skippers),Cogia,hippalus,3.5,4.8,cm
Hesperiidae (Skippers),Cogia,outis,3,4.3,cm
Hesperiidae (Skippers),Cogia,caicus,4.2,4.5,cm
Hesperiidae (Skippers),Cogia,calchas,3,4.5,cm
Hesperiidae (Skippers),Bungalotis,quadratum,NA,NA,NA
Hesperiidae (Skippers),Arteurotia,tractipennis,2.9,3.5,cm
Hesperiidae (Skippers),Polyctor,cleta,NA,NA,NA
Hesperiidae (Skippers),Polyctor,enops,NA,NA,NA
Hesperiidae (Skippers),Nisoniades,rubescens,2.5,3.7,cm
Hesperiidae (Skippers),Pellicia,arina,2.5,3.8,cm
Hesperiidae (Skippers),Pellicia,angra,2.9,3.8,cm
Hesperiidae (Skippers),Pellicia,dimidiata,2.2,3,cm
Hesperiidae (Skippers),Noctuana,stator,2.5,3.3,cm
Hesperiidae (Skippers),Noctuana,lactifera,NA,NA,NA
Hesperiidae (Skippers),Windia,windi,3.2,3.8,cm
Hesperiidae (Skippers),Bolla,imbras,NA,NA,NA
Hesperiidae (Skippers),Bolla,brennus,2.2,3.1,cm
Hesperiidae (Skippers),Bolla,eusebius,NA,NA,NA
Hesperiidae (Skippers),Bolla,clytius,2.2,2.9,cm
Hesperiidae (Skippers),Staphylus,ceos,2.4,2.9,cm
Hesperiidae (Skippers),Staphylus,vulgata,NA,NA,NA
Hesperiidae (Skippers),Staphylus,hayhurstii,2.5,3.2,cm
Hesperiidae (Skippers),Staphylus,mazans,2.5,3,cm
Hesperiidae (Skippers),Staphylus,ascalaphus,NA,NA,NA
Hesperiidae (Skippers),Staphylus,azteca,NA,NA,NA
Hesperiidae (Skippers),Gorgythion,begga,2.4,2.7,cm
Hesperiidae (Skippers),Sostrata,nordica,2.4,3,cm
Hesperiidae (Skippers),Paches,polla,NA,NA,NA
Hesperiidae (Skippers),Carrhenes,canescens,2.5,3.3,cm
Hesperiidae (Skippers),Carrhenes,fuscescens,NA,NA,NA
Hesperiidae (Skippers),Xenophanes,tryxus,2.9,3.3,cm
Hesperiidae (Skippers),Onenses,hyalophora,NA,NA,NA
Hesperiidae (Skippers),Antigonus,emorsa,NA,NA,NA
Hesperiidae (Skippers),Antigonus,erosus,NA,NA,NA
Hesperiidae (Skippers),Antigonus,nearchus,NA,NA,NA
Hesperiidae (Skippers),Mylon,pelopidas,NA,NA,NA
Hesperiidae (Skippers),Mylon,lassia,NA,NA,NA
Hesperiidae (Skippers),Systasea,pulverulenta,2.4,3.5,cm
Hesperiidae (Skippers),Systasea,zampa,2.5,3.8,cm
Hesperiidae (Skippers),Achlyodes,busirus,NA,NA,NA
Hesperiidae (Skippers),Achlyodes,pallida,NA,NA,NA
Hesperiidae (Skippers),Eantis,tamenund,3.5,4.5,cm
Hesperiidae (Skippers),Eantis,papinianus,NA,NA,NA
Hesperiidae (Skippers),Zera,hyacinthinus,NA,NA,NA
Hesperiidae (Skippers),Quadrus,lugubris,NA,NA,NA
Hesperiidae (Skippers),Atarnes,sallei,NA,NA,NA
Hesperiidae (Skippers),Grais,stigmaticus,4.6,5.4,cm
Hesperiidae (Skippers),Timochares,ruptifasciata,3.8,4.3,cm
Hesperiidae (Skippers),Timochares,trifasciata,NA,NA,NA
Hesperiidae (Skippers),Anastrus,sempiternus,NA,NA,NA
Hesperiidae (Skippers),Anastrus,neaeris,NA,NA,NA
Hesperiidae (Skippers),Ebrietas,anacreon,NA,NA,NA
Hesperiidae (Skippers),Helias,cama,NA,NA,NA
Hesperiidae (Skippers),Theagenes,aegides,NA,NA,NA
Hesperiidae (Skippers),Chiomara,georgina,2.9,3.8,cm
Hesperiidae (Skippers),Chiomara,mithrax,NA,NA,NA
Hesperiidae (Skippers),Gesta,invisus,2.4,3.5,cm
Hesperiidae (Skippers),Ephyriades,zephodes,NA,NA,NA
Hesperiidae (Skippers),Ephyriades,arcas,NA,NA,NA
Hesperiidae (Skippers),Ephyriades,brunnea,4.2,4.8,cm
Hesperiidae (Skippers),Erynnis,icelus,2.9,3.8,cm
Hesperiidae (Skippers),Erynnis,brizo,3.2,4.5,cm
Hesperiidae (Skippers),Erynnis,juvenalis,3.2,4.9,cm
Hesperiidae (Skippers),Erynnis,telemachus,3.5,4.5,cm
Hesperiidae (Skippers),Erynnis,propertius,3.5,4.5,cm
Hesperiidae (Skippers),Erynnis,meridianus,4.2,4.8,cm
Hesperiidae (Skippers),Erynnis,scudderi,3.2,3.5,cm
Hesperiidae (Skippers),Erynnis,horatius,3.6,4.9,cm
Hesperiidae (Skippers),Erynnis,tristis,3.2,4.9,cm
Hesperiidae (Skippers),Erynnis,martialis,2.9,4.2,cm
Hesperiidae (Skippers),Erynnis,pacuvius,3.2,3.5,cm
Hesperiidae (Skippers),Erynnis,zarucco,4.2,4.8,cm
Hesperiidae (Skippers),Erynnis,funeralis,3.4,4.5,cm
Hesperiidae (Skippers),Erynnis,baptisiae,NA,NA,NA
Hesperiidae (Skippers),Erynnis,lucilius,3,4.2,cm
Hesperiidae (Skippers),Erynnis,afranius,3.2,3.5,cm
Hesperiidae (Skippers),Erynnis,persius,2.9,4.2,cm
Hesperiidae (Skippers),Aethilla,lavochrea,NA,NA,NA
Hesperiidae (Skippers),Aethilla,echina,NA,NA,NA
Hesperiidae (Skippers),Anisochoria,bacchus,NA,NA,NA
Hesperiidae (Skippers),Pyrgus,centaureae,2.5,3.3,cm
Hesperiidae (Skippers),Pyrgus,ruralis,2.5,2.9,cm
Hesperiidae (Skippers),Pyrgus,xanthus,2,2.5,cm
Hesperiidae (Skippers),Pyrgus,scriptura,2,2.5,cm
Hesperiidae (Skippers),Pyrgus,communis,2.5,3.8,cm
Hesperiidae (Skippers),Pyrgus,albescens,2.5,3.8,cm
Hesperiidae (Skippers),Pyrgus,adepta,NA,NA,NA
Hesperiidae (Skippers),Pyrgus,philetas,2.5,2.9,cm
Hesperiidae (Skippers),Pyrgus,oileus,3.2,3.8,cm
Hesperiidae (Skippers),Pyrgus,crisia,NA,NA,NA
Hesperiidae (Skippers),Heliopyrgus,domicella,2.9,3.5,cm
Hesperiidae (Skippers),Heliopyrgus,sublinea,NA,NA,NA
Hesperiidae (Skippers),Heliopetes,ericetorum,3.2,3.8,cm
Hesperiidae (Skippers),Heliopetes,macaira,3.2,3.5,cm
Hesperiidae (Skippers),Heliopetes,laviana,3.5,4.2,cm
Hesperiidae (Skippers),Heliopetes,arsalte,3.7,4.3,cm
Hesperiidae (Skippers),Heliopetes,alana,NA,NA,NA
Hesperiidae (Skippers),Celotes,nessus,2.2,3,cm
Hesperiidae (Skippers),Celotes,limpia,2.5,3.2,cm
Hesperiidae (Skippers),Pholisora,catullus,2.5,3.3,cm
Hesperiidae (Skippers),Pholisora,mejicanus,2.4,3,cm
Hesperiidae (Skippers),Hesperopsis,libya,2.2,3.2,cm
Hesperiidae (Skippers),Hesperopsis,alpheus,2,3.2,cm
Hesperiidae (Skippers),Hesperopsis,gracielae,2,3.2,cm
Hesperiidae (Skippers),Creonpyge,creon,NA,NA,NA
Hesperiidae (Skippers),Carterocephalus,palaemon,2.5,3.2,cm
Hesperiidae (Skippers),Piruna,pirus,2.5,2.9,cm
Hesperiidae (Skippers),Piruna,haferniki,NA,NA,NA
Hesperiidae (Skippers),Piruna,polingii,2.5,3.9,cm
Hesperiidae (Skippers),Piruna,aea,NA,NA,NA
Hesperiidae (Skippers),Piruna,microstictus,2.2,2.5,cm
Hesperiidae (Skippers),Piruna,penaea,NA,NA,NA
Hesperiidae (Skippers),Synapte,malitiosa,2.5,3,cm
Hesperiidae (Skippers),Synapte,pecta,NA,NA,NA
Hesperiidae (Skippers),Synapte,syraces,NA,NA,NA
Hesperiidae (Skippers),Synapte,shiva,NA,NA,NA
Hesperiidae (Skippers),Synapte,salenus,2.5,3.2,cm
Hesperiidae (Skippers),Anthoptus,epictetus,NA,NA,NA
Hesperiidae (Skippers),Corticea,corticea,2.2,2.5,cm
Hesperiidae (Skippers),Zariaspes,mys,NA,NA,NA
Hesperiidae (Skippers),Vinius,tryhana,NA,NA,NA
Hesperiidae (Skippers),Apaustus,gracilis,NA,NA,NA
Hesperiidae (Skippers),Callimormus,saturnus,NA,NA,NA
Hesperiidae (Skippers),Mnasicles,geta,NA,NA,NA
Hesperiidae (Skippers),Vidius,perigenes,2.2,2.9,cm
Hesperiidae (Skippers),Monca,crispinus,1.9,2.2,cm
Hesperiidae (Skippers),Nastra,lherminier,2.5,2.9,cm
Hesperiidae (Skippers),Nastra,neamathla,2.2,2.9,cm
Hesperiidae (Skippers),Nastra,julia,2.4,2.9,cm
Hesperiidae (Skippers),Cymaenes,tripunctus,2.9,3.5,cm
Hesperiidae (Skippers),Cymaenes,alumna,NA,NA,NA
Hesperiidae (Skippers),Cymaenes,trebius,2.1,3.1,cm
Hesperiidae (Skippers),Vehilius,inca,NA,NA,NA
Hesperiidae (Skippers),Vehilius,stictomenes,NA,NA,NA
Hesperiidae (Skippers),Lerema,accius,3.2,4.5,cm
Hesperiidae (Skippers),Lerema,ancillaris,2.5,2.9,cm
Hesperiidae (Skippers),Niconiades,nikko,NA,NA,NA
Hesperiidae (Skippers),Vettius,fantasos,2.7,3.2,cm
Hesperiidae (Skippers),Joanna,joanna,NA,NA,NA
Hesperiidae (Skippers),Perichares,philetes,3.9,4.3,cm
Hesperiidae (Skippers),Rhinthon,osca,3.5,4.2,cm
Hesperiidae (Skippers),Rhinthon,bushi,NA,NA,NA
Hesperiidae (Skippers),Decinea,percosius,2.2,3.5,cm
Hesperiidae (Skippers),Decinea,decinea,NA,NA,NA
Hesperiidae (Skippers),Orthos,lycortas,NA,NA,NA
Hesperiidae (Skippers),Conga,chydaea,2.4,3,cm
Hesperiidae (Skippers),Ancyloxypha,numitor,2.2,2.9,cm
Hesperiidae (Skippers),Ancyloxypha,arene,1.9,2.7,cm
Hesperiidae (Skippers),Oarisma,garita,1.9,3,cm
Hesperiidae (Skippers),Oarisma,poweshiek,2.5,3.2,cm
Hesperiidae (Skippers),Oarisma,edwardsii,2.2,2.9,cm
Hesperiidae (Skippers),Copaeodes,aurantiaca,1.9,2.9,cm
Hesperiidae (Skippers),Copaeodes,minima,1.6,2.2,cm
Hesperiidae (Skippers),Adopaeoides,prittwitzi,2.2,2.5,cm
Hesperiidae (Skippers),Thymelicus,lineola,2.5,2.9,cm
Hesperiidae (Skippers),Hylephila,phyleus,3.2,3.8,cm
Hesperiidae (Skippers),Pseudocopaeodes,eunus,2.5,3.2,cm
Hesperiidae (Skippers),Stinga,morrisoni,2.5,2.9,cm
Hesperiidae (Skippers),Hesperia,uncas,2.9,4.2,cm
Hesperiidae (Skippers),Hesperia,juba,3.2,4.2,cm
Hesperiidae (Skippers),Hesperia,comma,2.2,3,cm
Hesperiidae (Skippers),Hesperia,assiniboia,2.1,3,cm
Hesperiidae (Skippers),Hesperia,colorado,NA,NA,NA
Hesperiidae (Skippers),Hesperia,woodgatei,3.2,4.3,cm
Hesperiidae (Skippers),Hesperia,ottoe,3.2,4.3,cm
Hesperiidae (Skippers),Hesperia,leonardus,3.2,4.5,cm
Hesperiidae (Skippers),Hesperia,pahaska,3.2,4.2,cm
Hesperiidae (Skippers),Hesperia,columbia,2.2,3.4,cm
Hesperiidae (Skippers),Hesperia,metea,2.9,3.5,cm
Hesperiidae (Skippers),Hesperia,viridis,2.5,3.8,cm
Hesperiidae (Skippers),Hesperia,attalus,3.5,4.2,cm
Hesperiidae (Skippers),Hesperia,meskei,3.2,3.9,cm
Hesperiidae (Skippers),Hesperia,dacotae,2.5,3.5,cm
Hesperiidae (Skippers),Hesperia,lindseyi,2.9,3.2,cm
Hesperiidae (Skippers),Hesperia,sassacus,3.2,3.5,cm
Hesperiidae (Skippers),Hesperia,miriamae,2.9,3.2,cm
Hesperiidae (Skippers),Hesperia,nevada,2.9,3.7,cm
Hesperiidae (Skippers),Atalopedes,campestris,3.2,4.2,cm
Hesperiidae (Skippers),Atalopedes,mesogramma,NA,NA,NA
Hesperiidae (Skippers),Polites,rhesus,2.5,3.2,cm
Hesperiidae (Skippers),Polites,carus,2.5,3.2,cm
Hesperiidae (Skippers),Polites,peckius,2.5,3.2,cm
Hesperiidae (Skippers),Polites,sabuleti,2.2,3.2,cm
Hesperiidae (Skippers),Polites,draco,2.5,3.2,cm
Hesperiidae (Skippers),Polites,mardon,2.2,2.5,cm
Hesperiidae (Skippers),Polites,themistocles,2.2,3.6,cm
Hesperiidae (Skippers),Polites,baracoa,2.2,2.9,cm
Hesperiidae (Skippers),Polites,origenes,2.9,3.8,cm
Hesperiidae (Skippers),Polites,mystic,2.9,3.8,cm
Hesperiidae (Skippers),Polites,sonora,2.5,3.2,cm
Hesperiidae (Skippers),Polites,vibex,2.5,3.9,cm
Hesperiidae (Skippers),Wallengrenia,egeremet,2.5,3.9,cm
Hesperiidae (Skippers),Wallengrenia,otho,2.4,3.5,cm
Hesperiidae (Skippers),Wallengrenia,drury,NA,NA,NA
Hesperiidae (Skippers),Pompeius,verna,2.7,3.9,cm
Hesperiidae (Skippers),Pompeius,pompeius,NA,NA,NA
Hesperiidae (Skippers),Atrytone,arogos,2.9,3.7,cm
Hesperiidae (Skippers),Choranthus,vitellius,NA,NA,NA
Hesperiidae (Skippers),Choranthus,haitensis,NA,NA,NA
Hesperiidae (Skippers),Choranthus,radians,NA,NA,NA
Hesperiidae (Skippers),Anatrytone,logan,2.5,4.3,cm
Hesperiidae (Skippers),Anatrytone,mazai,NA,NA,NA
Hesperiidae (Skippers),Anatrytone,potosiensis,NA,NA,NA
Hesperiidae (Skippers),Anatrytone,mella,NA,NA,NA
Hesperiidae (Skippers),Problema,byssus,3.7,4.6,cm
Hesperiidae (Skippers),Problema,bulenta,3.9,5.4,cm
Hesperiidae (Skippers),Ochlodes,sylvanoides,2.5,3.2,cm
Hesperiidae (Skippers),Ochlodes,agricola,2.2,2.9,cm
Hesperiidae (Skippers),Ochlodes,yuma,2.9,3.5,cm
Hesperiidae (Skippers),Poanes,hobomok,2.5,4.3,cm
Hesperiidae (Skippers),Poanes,zabulon,3.5,4.2,cm
Hesperiidae (Skippers),Poanes,taxiles,3.2,4.3,cm
Hesperiidae (Skippers),Poanes,massasoit,2.9,3.7,cm
Hesperiidae (Skippers),Poanes,viator,3.2,5.7,cm
Hesperiidae (Skippers),Poanes,aaroni,3.3,4.3,cm
Hesperiidae (Skippers),Poanes,yehl,3.4,4.5,cm
Hesperiidae (Skippers),Poanes,inimica,NA,NA,NA
Hesperiidae (Skippers),Poanes,melane,3.2,3.5,cm
Hesperiidae (Skippers),Stinga,kendamulaza,2.6,3,cm
Hesperiidae (Skippers),Paratrytone,snowi,2.9,3.5,cm
Hesperiidae (Skippers),Quasimellana,eulogius,2.7,3.2,cm
Hesperiidae (Skippers),Euphyes,pilatka,4.5,5.4,cm
Hesperiidae (Skippers),Euphyes,conspicua,3.2,4.2,cm
Hesperiidae (Skippers),Euphyes,berryi,3.5,4.5,cm
Hesperiidae (Skippers),Euphyes,dion,3.7,4.5,cm
Hesperiidae (Skippers),Euphyes,bayensis,3.7,4.4,cm
Hesperiidae (Skippers),Euphyes,dukesi,3.8,4.5,cm
Hesperiidae (Skippers),Euphyes,bimacula,3.2,4.2,cm
Hesperiidae (Skippers),Euphyes,arpa,4.1,4.9,cm
Hesperiidae (Skippers),Euphyes,vestris,2.9,3.5,cm
Hesperiidae (Skippers),Pyrrhocalles,antiqua,NA,NA,NA
Hesperiidae (Skippers),Asbolis,capucinus,4.8,6,cm
Hesperiidae (Skippers),Cynea,irma,NA,NA,NA
Hesperiidae (Skippers),Cynea,megalops,NA,NA,NA
Hesperiidae (Skippers),Atrytonopsis,hianna,3.2,4.3,cm
Hesperiidae (Skippers),Atrytonopsis,loammi,NA,NA,NA
Hesperiidae (Skippers),Atrytonopsis,deva,3.2,4.5,cm
Hesperiidae (Skippers),Atrytonopsis,lunus,4.2,5.1,cm
Hesperiidae (Skippers),Atrytonopsis,vierecki,3.2,4.2,cm
Hesperiidae (Skippers),Atrytonopsis,pittacus,3.2,3.8,cm
Hesperiidae (Skippers),Atrytonopsis,python,3.5,4.2,cm
Hesperiidae (Skippers),Atrytonopsis,cestus,3.5,3.9,cm
Hesperiidae (Skippers),Atrytonopsis,edwardsi,3.2,3.8,cm
Hesperiidae (Skippers),Remella,duena,NA,NA,NA
Hesperiidae (Skippers),Remella,vopiscus,NA,NA,NA
Hesperiidae (Skippers),Amblyscirtes,exoteria,3.2,3.8,cm
Hesperiidae (Skippers),Amblyscirtes,cassus,2.5,3.2,cm
Hesperiidae (Skippers),Amblyscirtes,aenus,2.5,3.2,cm
Hesperiidae (Skippers),Amblyscirtes,linda,2.9,3.4,cm
Hesperiidae (Skippers),Amblyscirtes,oslari,2.5,3.5,cm
Hesperiidae (Skippers),Amblyscirtes,elissa,2.2,2.9,cm
Hesperiidae (Skippers),Amblyscirtes,hegon,2.5,3.1,cm
Hesperiidae (Skippers),Amblyscirtes,texanae,2.5,3.2,cm
Hesperiidae (Skippers),Amblyscirtes,carolina,2.9,3.7,cm
Hesperiidae (Skippers),Amblyscirtes,reversa,2.9,3.5,cm
Hesperiidae (Skippers),Amblyscirtes,aesculapius,3,3.8,cm
Hesperiidae (Skippers),Amblyscirtes,nereus,2.5,2.9,cm
Hesperiidae (Skippers),Amblyscirtes,nysa,1.9,3,cm
Hesperiidae (Skippers),Amblyscirtes,eos,2.2,3.2,cm
Hesperiidae (Skippers),Amblyscirtes,vialis,2.2,3.2,cm
Hesperiidae (Skippers),Amblyscirtes,alternata,2.2,2.5,cm
Hesperiidae (Skippers),Amblyscirtes,celia,2.2,2.7,cm
Hesperiidae (Skippers),Amblyscirtes,belli,3,3.2,cm
Hesperiidae (Skippers),Amblyscirtes,tolteca,2.5,3.2,cm
Hesperiidae (Skippers),Amblyscirtes,phylace,2.2,2.9,cm
Hesperiidae (Skippers),Amblyscirtes,fimbriata,2.9,3.2,cm
Hesperiidae (Skippers),NotAmblyscirtes,simius,2.2,3.2,cm
Hesperiidae (Skippers),Phanes,aletes,NA,NA,NA
Hesperiidae (Skippers),Virga,clenchi,NA,NA,NA
Hesperiidae (Skippers),Lerodea,eufala,2.5,3.2,cm
Hesperiidae (Skippers),Lerodea,arabus,2.4,3.2,cm
Hesperiidae (Skippers),Mnasilus,allubita,NA,NA,NA
Hesperiidae (Skippers),Parphorus,storax,NA,NA,NA
Hesperiidae (Skippers),Oligoria,maculata,3.5,4.2,cm
Hesperiidae (Skippers),Calpodes,ethlius,4.5,6.1,cm
Hesperiidae (Skippers),Panoquina,panoquin,3.5,3.9,cm
Hesperiidae (Skippers),Panoquina,panoquinoides,2.9,3.2,cm
Hesperiidae (Skippers),Panoquina,errans,2.5,3.2,cm
Hesperiidae (Skippers),Panoquina,ocola,3.5,4.3,cm
Hesperiidae (Skippers),Panoquina,lucas,3,4.5,cm
Hesperiidae (Skippers),Panoquina,hecebolus,3.1,3.9,cm
Hesperiidae (Skippers),Panoquina,evansi,4.2,4.5,cm
Hesperiidae (Skippers),Saliana,esperi,NA,NA,NA
Hesperiidae (Skippers),Neoxeniades,luda,NA,NA,NA
Hesperiidae (Skippers),Nyctelius,nyctelius,2.7,3.9,cm
Hesperiidae (Skippers),Thespieus,dalman,NA,NA,NA
Hesperiidae (Skippers),Thespieus,macareus,3.4,3.9,cm
Hesperiidae (Skippers),Agathymus,neumoegeni,4.5,6.1,cm
Hesperiidae (Skippers),Agathymus,polingi,3.5,4.5,cm
Hesperiidae (Skippers),Agathymus,evansi,4.5,6.1,cm
Hesperiidae (Skippers),Agathymus,aryxna,5,6.1,cm
Hesperiidae (Skippers),Agathymus,baueri,5.3,5.8,cm
Hesperiidae (Skippers),Agathymus,gentryi,NA,NA,NA
Hesperiidae (Skippers),Agathymus,mariae,4.2,4.8,cm
Hesperiidae (Skippers),Agathymus,stephensi,5.1,5.7,cm
Hesperiidae (Skippers),Agathymus,remingtoni,NA,NA,NA
Hesperiidae (Skippers),Agathymus,alliae,5.7,6.4,cm
Hesperiidae (Skippers),Megathymus,yuccae,4.8,7.9,cm
Hesperiidae (Skippers),Megathymus,streckeri,5.7,7.8,cm
Hesperiidae (Skippers),Megathymus,cofaqui,5,6.3,cm
Hesperiidae (Skippers),Megathymus,ursus,6.3,7.6,cm
Hesperiidae (Skippers),Stallingsia,maculosus,4.5,5.1,cm
Papilionidae (Parnassians and Swallowtails),Parnassius,eversmanni,NA,NA,NA
Papilionidae (Parnassians and Swallowtails),Parnassius,clodius,5,6.2,cm
Papilionidae (Parnassians and Swallowtails),Parnassius,phoebus,NA,NA,NA
Papilionidae (Parnassians and Swallowtails),Parnassius,behrii,4.9,5.3,cm
Papilionidae (Parnassians and Swallowtails),Parnassius,smintheus,4.5,6.4,cm
Papilionidae (Parnassians and Swallowtails),Eurytides,thyastes,NA,NA,NA
Papilionidae (Parnassians and Swallowtails),Parides,alopius,NA,NA,NA
Papilionidae (Parnassians and Swallowtails),Parides,photinus,NA,NA,NA
Papilionidae (Parnassians and Swallowtails),Parides,montezuma,NA,NA,NA
Papilionidae (Parnassians and Swallowtails),Parides,eurimedes,7,8.5,cm
Papilionidae (Parnassians and Swallowtails),Parides,childrenae,NA,NA,NA
Papilionidae (Parnassians and Swallowtails),Parides,panares,NA,NA,NA
Papilionidae (Parnassians and Swallowtails),Battus,philenor,7,13,cm
Papilionidae (Parnassians and Swallowtails),Battus,polydamas,9,12,cm
Papilionidae (Parnassians and Swallowtails),Battus,laodamus,NA,NA,NA
Papilionidae (Parnassians and Swallowtails),Eurytides,epidaus,NA,NA,NA
Papilionidae (Parnassians and Swallowtails),Eurytides,philolaus,9,9.5,cm
Papilionidae (Parnassians and Swallowtails),Eurytides,zonaria,NA,NA,NA
Papilionidae (Parnassians and Swallowtails),Eurytides,marcellus,6.4,10.4,cm
Papilionidae (Parnassians and Swallowtails),Mimoides,thymbraeus,NA,NA,NA
Papilionidae (Parnassians and Swallowtails),Mimoides,phaon,NA,NA,NA
Papilionidae (Parnassians and Swallowtails),Papilio,machaon,6.5,7.5,cm
Papilionidae (Parnassians and Swallowtails),Papilio,brevicauda,NA,NA,NA
Papilionidae (Parnassians and Swallowtails),Papilio,joanae,8.2,10.2,cm
Papilionidae (Parnassians and Swallowtails),Papilio,polyxenes,8,11,cm
Papilionidae (Parnassians and Swallowtails),Papilio,zelicaon,7,9,cm
Papilionidae (Parnassians and Swallowtails),Papilio,indra,6.2,7.2,cm
Papilionidae (Parnassians and Swallowtails),Papilio,demoleus,NA,NA,NA
Papilionidae (Parnassians and Swallowtails),Papilio,xuthus,NA,NA,NA
Papilionidae (Parnassians and Swallowtails),Papilio,canadensis,6.7,8,cm
Papilionidae (Parnassians and Swallowtails),Papilio,appalachiensis,NA,NA,NA
Papilionidae (Parnassians and Swallowtails),Papilio,glaucus,6.2,11.4,cm
Papilionidae (Parnassians and Swallowtails),Papilio,canadensis,NA,NA,NA
Papilionidae (Parnassians and Swallowtails),Papilio,rutulus,7,10,cm
Papilionidae (Parnassians and Swallowtails),Papilio,eurymedon,6.4,9,cm
Papilionidae (Parnassians and Swallowtails),Papilio,multicaudata,9,12.7,cm
Papilionidae (Parnassians and Swallowtails),Papilio,pilumnus,NA,NA,NA
Papilionidae (Parnassians and Swallowtails),Papilio,troilus,7.5,10,cm
Papilionidae (Parnassians and Swallowtails),Papilio,palamedes,11.4,13,cm
Papilionidae (Parnassians and Swallowtails),Pterourus,garamas,NA,NA,NA
Papilionidae (Parnassians and Swallowtails),Papilio,garamus,NA,NA,NA
Papilionidae (Parnassians and Swallowtails),Papilio,victorinus,9.5,11,cm
Papilionidae (Parnassians and Swallowtails),Papilio,thoas,10.5,12.8,cm
Papilionidae (Parnassians and Swallowtails),Papilio,cresphontes,10.2,16,cm
Papilionidae (Parnassians and Swallowtails),Papilio,astyalus,11.7,12,cm
Papilionidae (Parnassians and Swallowtails),Papilio,ornythion,8.3,11.5,cm
Papilionidae (Parnassians and Swallowtails),Papilio,aristodemus,9.2,11.8,cm
Papilionidae (Parnassians and Swallowtails),Papilio,andraemon,96,102,cm
Papilionidae (Parnassians and Swallowtails),Papilio,androgeus,13.4,14,cm
Papilionidae (Parnassians and Swallowtails),Papilio,anchisiades,7,10,cm
Papilionidae (Parnassians and Swallowtails),Papilio,rogeri,8.4,9.5,cm
Papilionidae (Parnassians and Swallowtails),Papilio,erostratus,NA,NA,NA
Papilionidae (Parnassians and Swallowtails),Papilio,pelaus,NA,NA,NA
Papilionidae (Parnassians and Swallowtails),Heraclides,machaonides,NA,NA,NA
Papilionidae (Parnassians and Swallowtails),Papilio,caiguanabus,NA,NA,NA
Papilionidae (Parnassians and Swallowtails),Heraclides,torquatus,NA,NA,NA
Pieridae (Whites and Sulphurs),Dismorphia,spio,NA,NA,NA
Pieridae (Whites and Sulphurs),Dismorphia,amphione,NA,NA,NA
Pieridae (Whites and Sulphurs),Dismorphia,crisia,NA,NA,NA
Pieridae (Whites and Sulphurs),Enantia,albania,2.2,3,cm
Pieridae (Whites and Sulphurs),Lieinix,nemesis,NA,NA,NA
Pieridae (Whites and Sulphurs),Anthocharis,cethura,2.5,4,cm
Pieridae (Whites and Sulphurs),Anthocharis,sara,2.7,4,cm
Pieridae (Whites and Sulphurs),Anthocharis,stella,3.5,4.8,cm
Pieridae (Whites and Sulphurs),Anthocharis,julia,2.5,3.1,cm
Pieridae (Whites and Sulphurs),Anthocharis,thoosa,NA,NA,NA
Pieridae (Whites and Sulphurs),Anthocharis,midea,3.5,4.5,cm
Pieridae (Whites and Sulphurs),Anthocharis,lanceolata,3.8,5,cm
Pieridae (Whites and Sulphurs),Euchloe,naina,NA,NA,NA
Pieridae (Whites and Sulphurs),Euchloe,ausonides,3.8,5.1,cm
Pieridae (Whites and Sulphurs),Euchloe,olympia,3.5,5.1,cm
Pieridae (Whites and Sulphurs),Euchloe,guaymasensis,NA,NA,NA
Pieridae (Whites and Sulphurs),Euchloe,lotta,3.2,4.5,cm
Pieridae (Whites and Sulphurs),Euchloe,hyantis,NA,NA,NA
Pieridae (Whites and Sulphurs),Euchloe,creusa,3.5,4.2,cm
Pieridae (Whites and Sulphurs),Hesperocharis,costaricensis,NA,NA,NA
Pieridae (Whites and Sulphurs),Hesperocharis,graphites,NA,NA,NA
Pieridae (Whites and Sulphurs),Appias,drusilla,5.3,7.7,cm
Pieridae (Whites and Sulphurs),Leodonta,tellane,NA,NA,NA
Pieridae (Whites and Sulphurs),Melete,lycimnia,NA,NA,NA
Pieridae (Whites and Sulphurs),Melete,polyhymnia,NA,NA,NA
Pieridae (Whites and Sulphurs),Melete,salacia,NA,NA,NA
Pieridae (Whites and Sulphurs),Neophasia,menapia,4.5,5.8,cm
Pieridae (Whites and Sulphurs),Neophasia,terlooii,4.5,5.8,cm
Pieridae (Whites and Sulphurs),Catasticta,flisa,NA,NA,NA
Pieridae (Whites and Sulphurs),Catasticta,nimbice,4.5,5.7,cm
Pieridae (Whites and Sulphurs),Catasticta,teutila,NA,NA,NA
Pieridae (Whites and Sulphurs),Catasticta,sisamnus,NA,NA,NA
Pieridae (Whites and Sulphurs),Pereute,charops,NA,NA,NA
Pieridae (Whites and Sulphurs),Archonias,brassolis,NA,NA,NA
Pieridae (Whites and Sulphurs),Pieriballia,viardi,NA,NA,NA
Pieridae (Whites and Sulphurs),Itaballia,demophile,NA,NA,NA
Pieridae (Whites and Sulphurs),Leptophobia,aripa,NA,NA,NA
Pieridae (Whites and Sulphurs),Leptophobia,eleusis,NA,NA,NA
Pieridae (Whites and Sulphurs),Pieris,angelika,NA,NA,NA
Pieridae (Whites and Sulphurs),Pieris,marginalis,3.8,5.7,cm
Pieridae (Whites and Sulphurs),Pieris,oleracea,3.8,5.7,cm
Pieridae (Whites and Sulphurs),Pieris,virginiensis,4.5,5.3,cm
Pieridae (Whites and Sulphurs),Pieris,rapae,4.5,5.8,cm
Pieridae (Whites and Sulphurs),Pieris,brassicae,NA,NA,NA
Pieridae (Whites and Sulphurs),Pontia,beckerii,4,5,cm
Pieridae (Whites and Sulphurs),Pontia,protodice,3.8,6.3,cm
Pieridae (Whites and Sulphurs),Pontia,occidentalis,3.8,5.3,cm
Pieridae (Whites and Sulphurs),Pontia,sisymbrii,3,4.5,cm
Pieridae (Whites and Sulphurs),Ascia,monuste,6.3,8.6,cm
Pieridae (Whites and Sulphurs),Ganyra,josephina,7.3,9.6,cm
Pieridae (Whites and Sulphurs),Ganyra,howarthi,4.5,4.8,cm
Pieridae (Whites and Sulphurs),Kricogonia,lyside,3.8,6,cm
Pieridae (Whites and Sulphurs),Kricogonia,cabrerai,NA,NA,NA
Pieridae (Whites and Sulphurs),Colias,philodice,3.8,7,cm
Pieridae (Whites and Sulphurs),Colias,eurytheme,3.5,7,cm
Pieridae (Whites and Sulphurs),Colias,eurytheme,NA,NA,NA
Pieridae (Whites and Sulphurs),Colias,occidentalis,4.5,6.3,cm
Pieridae (Whites and Sulphurs),Colias,christina,4.5,6.3,cm
Pieridae (Whites and Sulphurs),Colias,alexandra,4.2,5.7,cm
Pieridae (Whites and Sulphurs),Colias,harfordii,4.4,5.1,cm
Pieridae (Whites and Sulphurs),Colias,meadii,3.8,5.1,cm
Pieridae (Whites and Sulphurs),Colias,hecla,NA,NA,NA
Pieridae (Whites and Sulphurs),Colias,canadensis,NA,NA,NA
Pieridae (Whites and Sulphurs),Colias,tyche,NA,NA,NA
Pieridae (Whites and Sulphurs),Colias,nastes,3.1,4.5,cm
Pieridae (Whites and Sulphurs),Colias,scudderi,3.8,5.1,cm
Pieridae (Whites and Sulphurs),Colias,gigantea,5.1,7,cm
Pieridae (Whites and Sulphurs),Colias,pelidne,3.2,4.4,cm
Pieridae (Whites and Sulphurs),Colias,interior,3.9,6.6,cm
Pieridae (Whites and Sulphurs),Colias,palaeno,NA,NA,NA
Pieridae (Whites and Sulphurs),Colias,behrii,3.5,4.2,cm
Pieridae (Whites and Sulphurs),Zerene,cesonia,5.4,7.6,cm
Pieridae (Whites and Sulphurs),Zerene,eurydice,5.1,6.3,cm
Pieridae (Whites and Sulphurs),Anteos,maerula,NA,NA,NA
Pieridae (Whites and Sulphurs),Anteos,clorinde,7,9,cm
Pieridae (Whites and Sulphurs),Phoebis,sennae,5.7,8,cm
Pieridae (Whites and Sulphurs),Phoebis,argante,5.4,6.7,cm
Pieridae (Whites and Sulphurs),Phoebis,agarithe,5.7,8.6,cm
Pieridae (Whites and Sulphurs),Phoebis,philea,7,10.2,cm
Pieridae (Whites and Sulphurs),Phoebis,neocypris,3.9,4.4,cm
Pieridae (Whites and Sulphurs),Aphrissa,statira,6,8,cm
Pieridae (Whites and Sulphurs),Aphrissa,neleis,6,8,cm
Pieridae (Whites and Sulphurs),Aphrissa,orbis,6.3,7.6,cm
Pieridae (Whites and Sulphurs),Eurema,daira,3.2,4.1,cm
Pieridae (Whites and Sulphurs),Eurema,elathea,NA,NA,NA
Pieridae (Whites and Sulphurs),Eurema,boisduvaliana,3.8,5.1,cm
Pieridae (Whites and Sulphurs),Eurema,mexicana,4.4,6.3,cm
Pieridae (Whites and Sulphurs),Eurema,salome,4.7,5.7,cm
Pieridae (Whites and Sulphurs),Eurema,albula,NA,NA,NA
Pieridae (Whites and Sulphurs),Pyrisitia,messalina,2.6,3.8,cm
Pieridae (Whites and Sulphurs),Pyrisitia,proterpia,4.5,5.7,cm
Pieridae (Whites and Sulphurs),Pyrisitia,lisa,3.2,4.4,cm
Pieridae (Whites and Sulphurs),Pyrisitia,nise,2.9,5.1,cm
Pieridae (Whites and Sulphurs),Pyrisitia,dina,3.2,5.7,cm
Pieridae (Whites and Sulphurs),Pyrisitia,leuce,NA,NA,NA
Pieridae (Whites and Sulphurs),Abaeis,nicippe,3.5,5.7,cm
Pieridae (Whites and Sulphurs),Nathalis,iole,2,3.2,cm
Lycaenidae (Gossamer-wing Butterflies),Feniseca,tarquinius,3,3.2,cm
Lycaenidae (Gossamer-wing Butterflies),Iophanus,pyrrhias,NA,NA,NA
Lycaenidae (Gossamer-wing Butterflies),Lycaena,arota,3,3.5,cm
Lycaenidae (Gossamer-wing Butterflies),Lycaena,phlaeas,2.2,3.5,cm
Lycaenidae (Gossamer-wing Butterflies),Lycaena,cupreus,2.9,3.1,cm
Lycaenidae (Gossamer-wing Butterflies),Lycaena,xanthoides,3.3,4.4,cm
Lycaenidae (Gossamer-wing Butterflies),Lycaena,dione,2.4,3.8,cm
Lycaenidae (Gossamer-wing Butterflies),Lycaena,editha,2.2,3,cm
Lycaenidae (Gossamer-wing Butterflies),Lycaena,gorgon,3.2,3.8,cm
Lycaenidae (Gossamer-wing Butterflies),Lycaena,hyllus,3.2,4.8,cm
Lycaenidae (Gossamer-wing Butterflies),Lycaena,rubidus,2.9,4.1,cm
Lycaenidae (Gossamer-wing Butterflies),Lycaena,ferrisi,NA,NA,NA
Lycaenidae (Gossamer-wing Butterflies),Lycaena,heteronea,2.9,3.5,cm
Lycaenidae (Gossamer-wing Butterflies),Lycaena,epixanthe,2.2,2.5,cm
Lycaenidae (Gossamer-wing Butterflies),Lycaena,helloides,3,3.8,cm
Lycaenidae (Gossamer-wing Butterflies),Lycaena,dorcas,2.5,3.2,cm
Lycaenidae (Gossamer-wing Butterflies),Lycaena,nivalis,2.5,3.5,cm
Lycaenidae (Gossamer-wing Butterflies),Lycaena,mariposa,2.9,3.2,cm
Lycaenidae (Gossamer-wing Butterflies),Lycaena,hermes,2.5,3.2,cm
Lycaenidae (Gossamer-wing Butterflies),Lampides,boeticus,NA,NA,NA
Lycaenidae (Gossamer-wing Butterflies),Euphilotes,stanfordorum,NA,NA,NA
Lycaenidae (Gossamer-wing Butterflies),Euphilotes,columbiae,NA,NA,NA
Lycaenidae (Gossamer-wing Butterflies),Plebejus,cotundra,NA,NA,NA
Lycaenidae (Gossamer-wing Butterflies),Callophrys,perplexa,NA,NA,NA
Lycaenidae (Gossamer-wing Butterflies),Hypaurotis,crysalus,3.2,3.8,cm
Lycaenidae (Gossamer-wing Butterflies),Habrodais,grunus,2.5,3.2,cm
Lycaenidae (Gossamer-wing Butterflies),Eumaeus,childrenae,NA,NA,NA
Lycaenidae (Gossamer-wing Butterflies),Eumaeus,toxea,3.2,5.1,cm
Lycaenidae (Gossamer-wing Butterflies),Eumaeus,atala,3.8,5.1,cm
Lycaenidae (Gossamer-wing Butterflies),Brangas,neora,NA,NA,NA
Lycaenidae (Gossamer-wing Butterflies),Evenus,regalis,NA,NA,NA
Lycaenidae (Gossamer-wing Butterflies),Atlides,halesus,3.2,5.1,cm
Lycaenidae (Gossamer-wing Butterflies),Pseudolycaena,damo,NA,NA,NA
Lycaenidae (Gossamer-wing Butterflies),Callophrys,affinis,2.5,3,cm
Lycaenidae (Gossamer-wing Butterflies),Callophrys,apama,NA,NA,NA
Lycaenidae (Gossamer-wing Butterflies),Callophrys,dumetorum,2.5,3.2,cm
Lycaenidae (Gossamer-wing Butterflies),Callophrys,lemberti,NA,NA,NA
Lycaenidae (Gossamer-wing Butterflies),Callophrys,sheridanii,2.2,2.9,cm
Lycaenidae (Gossamer-wing Butterflies),Callophrys,hesseli,2.5,2.8,cm
Lycaenidae (Gossamer-wing Butterflies),Callophrys,nelsoni,2.5,2.9,cm
Lycaenidae (Gossamer-wing Butterflies),Callophrys,rosneri,NA,NA,NA
Lycaenidae (Gossamer-wing Butterflies),Callophrys,thornei,2.2,2.5,cm
Lycaenidae (Gossamer-wing Butterflies),Callophrys,muiri,2.2,2.5,cm
Lycaenidae (Gossamer-wing Butterflies),Callophrys,barryi,NA,NA,NA
Lycaenidae (Gossamer-wing Butterflies),Callophrys,gryneus,2.6,3.2,cm
Lycaenidae (Gossamer-wing Butterflies),Callophrys,gryneus,NA,NA,NA
Lycaenidae (Gossamer-wing Butterflies),Callophrys,spinetorum,2.5,3.2,cm
Lycaenidae (Gossamer-wing Butterflies),Callophrys,johnsoni,3.2,3.5,cm
Lycaenidae (Gossamer-wing Butterflies),Callophrys,xami,2,3.2,cm
Lycaenidae (Gossamer-wing Butterflies),Callophrys,mcfarlandi,2.9,3.2,cm
Lycaenidae (Gossamer-wing Butterflies),Callophrys,augustinus,2.2,2.9,cm
Lycaenidae (Gossamer-wing Butterflies),Callophrys,mossii,2.2,2.8,cm
Lycaenidae (Gossamer-wing Butterflies),Callophrys,fotis,1.9,2.8,cm
Lycaenidae (Gossamer-wing Butterflies),Callophrys,polios,2.2,2.9,cm
Lycaenidae (Gossamer-wing Butterflies),Callophrys,irus,2.5,3.2,cm
Lycaenidae (Gossamer-wing Butterflies),Callophrys,henrici,2.5,3.2,cm
Lycaenidae (Gossamer-wing Butterflies),Callophrys,niphon,2.5,3.2,cm
Lycaenidae (Gossamer-wing Butterflies),Callophrys,eryphon,2.5,3.5,cm
Lycaenidae (Gossamer-wing Butterflies),Callophrys,lanoraieensis,2.2,2.4,cm
Lycaenidae (Gossamer-wing Butterflies),Cyanophrys,goodsoni,2.2,3,cm
Lycaenidae (Gossamer-wing Butterflies),Cyanophrys,herodotus,2.2,2.9,cm
Lycaenidae (Gossamer-wing Butterflies),Cyanophrys,longula,NA,NA,NA
Lycaenidae (Gossamer-wing Butterflies),Cyanophrys,miserabilis,2.2,3,cm
Lycaenidae (Gossamer-wing Butterflies),Cyanophrys,agricolor,NA,NA,NA
Lycaenidae (Gossamer-wing Butterflies),Rekoa,meton,NA,NA,NA
Lycaenidae (Gossamer-wing Butterflies),Rekoa,palegon,2.3,2.8,cm
Lycaenidae (Gossamer-wing Butterflies),Rekoa,marius,2.2,3.2,cm
Lycaenidae (Gossamer-wing Butterflies),Rekoa,zebina,NA,NA,NA
Lycaenidae (Gossamer-wing Butterflies),Arawacus,togarna,NA,NA,NA
Lycaenidae (Gossamer-wing Butterflies),Arawacus,sito,NA,NA,NA
Lycaenidae (Gossamer-wing Butterflies),Arawacus,leucogyna,NA,NA,NA
Lycaenidae (Gossamer-wing Butterflies),Arawacus,jada,NA,NA,NA
Lycaenidae (Gossamer-wing Butterflies),Kisutam,sillus,NA,NA,NA
Lycaenidae (Gossamer-wing Butterflies),Satyrium,favonius,2.2,3.8,cm
Lycaenidae (Gossamer-wing Butterflies),Satyrium,favonius,NA,NA,NA
Lycaenidae (Gossamer-wing Butterflies),Satyrium,ilavia,2.2,2.8,cm
Lycaenidae (Gossamer-wing Butterflies),Satyrium,polingi,2.5,3,cm
Lycaenidae (Gossamer-wing Butterflies),Satyrium,titus,2.5,3.8,cm
Lycaenidae (Gossamer-wing Butterflies),Satyrium,acadica,2.9,3.8,cm
Lycaenidae (Gossamer-wing Butterflies),Satyrium,californica,2.5,3.2,cm
Lycaenidae (Gossamer-wing Butterflies),Satyrium,sylvinus,2.5,3.5,cm
Lycaenidae (Gossamer-wing Butterflies),Satyrium,caryaevorus,2.9,3.5,cm
Lycaenidae (Gossamer-wing Butterflies),Satyrium,edwardsii,3,3.8,cm
Lycaenidae (Gossamer-wing Butterflies),Satyrium,calanus,2.5,3.8,cm
Lycaenidae (Gossamer-wing Butterflies),Satyrium,kingi,3,3.8,cm
Lycaenidae (Gossamer-wing Butterflies),Satyrium,liparops,2.5,3.9,cm
Lycaenidae (Gossamer-wing Butterflies),Satyrium,auretorum,2.5,3.2,cm
Lycaenidae (Gossamer-wing Butterflies),Satyrium,tetra,2.5,3.2,cm
Lycaenidae (Gossamer-wing Butterflies),Satyrium,saepium,2.5,3.2,cm
Lycaenidae (Gossamer-wing Butterflies),Satyrium,behrii,2.5,3.2,cm
Lycaenidae (Gossamer-wing Butterflies),Satyrium,fuliginosum,2.5,3.2,cm
Lycaenidae (Gossamer-wing Butterflies),Satyrium,semiluna,NA,NA,NA
Lycaenidae (Gossamer-wing Butterflies),Phaeostrymon,alcestis,2.5,3.8,cm
Lycaenidae (Gossamer-wing Butterflies),Ocaria,ocrisia,2.2,2.5,cm
Lycaenidae (Gossamer-wing Butterflies),Chlorostrymon,simaethis,2.2,3.2,cm
Lycaenidae (Gossamer-wing Butterflies),Chlorostrymon,maesites,2.2,2.5,cm
Lycaenidae (Gossamer-wing Butterflies),Chlorostrymon,telea,1.6,2.2,cm
Lycaenidae (Gossamer-wing Butterflies),Allosmaitia,fidena,NA,NA,NA
Lycaenidae (Gossamer-wing Butterflies),Allosmaitia,strophius,2.2,3.2,cm
Lycaenidae (Gossamer-wing Butterflies),Ziegleria,guzanta,NA,NA,NA
Lycaenidae (Gossamer-wing Butterflies),Electrostrymon,sangala,2.2,2.6,cm
Lycaenidae (Gossamer-wing Butterflies),Electrostrymon,joya,2.4,3,cm
Lycaenidae (Gossamer-wing Butterflies),Electrostrymon,angelia,2,2.9,cm
Lycaenidae (Gossamer-wing Butterflies),Calycopis,cecrops,2.2,3.2,cm
Lycaenidae (Gossamer-wing Butterflies),Calycopis,clarina,NA,NA,NA
Lycaenidae (Gossamer-wing Butterflies),Calycopis,isobeon,2.2,3.2,cm
Lycaenidae (Gossamer-wing Butterflies),Strymon,melinus,2.2,3.5,cm
Lycaenidae (Gossamer-wing Butterflies),Strymon,avalona,1.9,2.5,cm
Lycaenidae (Gossamer-wing Butterflies),Strymon,rufofusca,2.5,2.9,cm
Lycaenidae (Gossamer-wing Butterflies),Strymon,albata,2.9,3.5,cm
Lycaenidae (Gossamer-wing Butterflies),Strymon,alea,1.9,2.9,cm
Lycaenidae (Gossamer-wing Butterflies),Strymon,bebrycia,2.5,3.2,cm
Lycaenidae (Gossamer-wing Butterflies),Strymon,yojoa,2.2,3.2,cm
Lycaenidae (Gossamer-wing Butterflies),Strymon,cestri,2.2,2.9,cm
Lycaenidae (Gossamer-wing Butterflies),Strymon,martialis,2.8,3.5,cm
Lycaenidae (Gossamer-wing Butterflies),Strymon,istapa,2.2,3.2,cm
Lycaenidae (Gossamer-wing Butterflies),Strymon,bubastus,NA,NA,NA
Lycaenidae (Gossamer-wing Butterflies),Strymon,bazochii,2.2,2.5,cm
Lycaenidae (Gossamer-wing Butterflies),Strymon,columella,NA,NA,NA
Lycaenidae (Gossamer-wing Butterflies),Strymon,acis,2.2,2.9,cm
Lycaenidae (Gossamer-wing Butterflies),Strymon,limenia,2.2,3.2,cm
Lycaenidae (Gossamer-wing Butterflies),Strymon,serapio,1.8,3,cm
Lycaenidae (Gossamer-wing Butterflies),Strymon,solitario,NA,NA,NA
Lycaenidae (Gossamer-wing Butterflies),Strymon,megarus,NA,NA,NA
Lycaenidae (Gossamer-wing Butterflies),Tmolus,echion,2.2,3.2,cm
Lycaenidae (Gossamer-wing Butterflies),Ministrymon,leda,1.9,2.2,cm
Lycaenidae (Gossamer-wing Butterflies),Ministrymon,clytie,1.9,2.2,cm
Lycaenidae (Gossamer-wing Butterflies),Ministrymon,azia,1.6,2.4,cm
Lycaenidae (Gossamer-wing Butterflies),Ministrymon,una,NA,NA,NA
Lycaenidae (Gossamer-wing Butterflies),Ostrinotes,keila,NA,NA,NA
Lycaenidae (Gossamer-wing Butterflies),Strephonota,tephraeus,2.2,2.9,cm
Lycaenidae (Gossamer-wing Butterflies),Panthiades,bitias,NA,NA,NA
Lycaenidae (Gossamer-wing Butterflies),Panthiades,bathildis,NA,NA,NA
Lycaenidae (Gossamer-wing Butterflies),Oenomaus,ortygnus,3,3.8,cm
Lycaenidae (Gossamer-wing Butterflies),Parrhasius,m,NA,NA,NA
Lycaenidae (Gossamer-wing Butterflies),Parrhasius,moctezuma,NA,NA,NA
Lycaenidae (Gossamer-wing Butterflies),Michaelus,ira,NA,NA,NA
Lycaenidae (Gossamer-wing Butterflies),Hypostrymon,critola,NA,NA,NA
Lycaenidae (Gossamer-wing Butterflies),Erora,laeta,2.2,2.4,cm
Lycaenidae (Gossamer-wing Butterflies),Erora,quaderna,2.2,2.9,cm
Lycaenidae (Gossamer-wing Butterflies),Leptotes,cassius,2,3.5,cm
Lycaenidae (Gossamer-wing Butterflies),Leptotes,marina,2.2,2.9,cm
Lycaenidae (Gossamer-wing Butterflies),Zizula,cyna,1.6,2.2,cm
Lycaenidae (Gossamer-wing Butterflies),Brephidium,exilis,1.2,2,cm
Lycaenidae (Gossamer-wing Butterflies),Brephidium,pseudofea,2,2.2,cm
Lycaenidae (Gossamer-wing Butterflies),Cupido,comyntas,2.2,2.9,cm
Lycaenidae (Gossamer-wing Butterflies),Cupido,amyntula,2.2,2.9,cm
Lycaenidae (Gossamer-wing Butterflies),Udara,blackburni,NA,NA,NA
Lycaenidae (Gossamer-wing Butterflies),Celastrina,ladon,NA,NA,NA
Lycaenidae (Gossamer-wing Butterflies),Celastrina,lucia,NA,NA,NA
Lycaenidae (Gossamer-wing Butterflies),Celastrina,neglecta,2.4,2.9,cm
Lycaenidae (Gossamer-wing Butterflies),Celastrina,echo,NA,NA,NA
Lycaenidae (Gossamer-wing Butterflies),Celastrina,gozora,NA,NA,NA
Lycaenidae (Gossamer-wing Butterflies),Celastrina,nigra,2.2,3.2,cm
Lycaenidae (Gossamer-wing Butterflies),Celastrina,neglectamajor,3.2,3.9,cm
Lycaenidae (Gossamer-wing Butterflies),Celastrina,humulus,2.1,2.9,cm
Lycaenidae (Gossamer-wing Butterflies),Celastrina,idella,3.2,3.9,cm
Lycaenidae (Gossamer-wing Butterflies),Celastrina,serotina,NA,NA,NA
Lycaenidae (Gossamer-wing Butterflies),Glaucopsyche,piasus,2.9,3.5,cm
Lycaenidae (Gossamer-wing Butterflies),Glaucopsyche,lygdamus,2.2,3.2,cm
Lycaenidae (Gossamer-wing Butterflies),Philotes,sonorensis,2.2,2.5,cm
Lycaenidae (Gossamer-wing Butterflies),Philotiella,speciosa,1.6,2.2,cm
Lycaenidae (Gossamer-wing Butterflies),Philotiella,leona,1.9,2.5,cm
Lycaenidae (Gossamer-wing Butterflies),Euphilotes,battoides,1.6,1.7,cm
Lycaenidae (Gossamer-wing Butterflies),Euphilotes,centralis,NA,NA,NA
Lycaenidae (Gossamer-wing Butterflies),Euphilotes,bernardino,1.7,2.1,cm
Lycaenidae (Gossamer-wing Butterflies),Euphilotes,glaucon,NA,NA,NA
Lycaenidae (Gossamer-wing Butterflies),Euphilotes,intermedia,1.9,2,cm
Lycaenidae (Gossamer-wing Butterflies),Euphilotes,ellisi,1.9,2.2,cm
Lycaenidae (Gossamer-wing Butterflies),Euphilotes,baueri,1.9,2.2,cm
Lycaenidae (Gossamer-wing Butterflies),Euphilotes,enoptes,1.8,2.3,cm
Lycaenidae (Gossamer-wing Butterflies),Euphilotes,ancilla,1.6,2.5,cm
Lycaenidae (Gossamer-wing Butterflies),Euphilotes,mojave,1.9,2.3,cm
Lycaenidae (Gossamer-wing Butterflies),Euphilotes,rita,1.7,2.2,cm
Lycaenidae (Gossamer-wing Butterflies),Euphilotes,pallescens,1.6,2.1,cm
Lycaenidae (Gossamer-wing Butterflies),Euphilotes,spaldingi,2.5,2.9,cm
Lycaenidae (Gossamer-wing Butterflies),Hemiargus,hanno,NA,NA,NA
Lycaenidae (Gossamer-wing Butterflies),Hemiargus,ceraunus,2,3,cm
Lycaenidae (Gossamer-wing Butterflies),Echinargus,isola,2,2.9,cm
Lycaenidae (Gossamer-wing Butterflies),Cyclargus,thomasi,2.2,3,cm
Lycaenidae (Gossamer-wing Butterflies),Cyclargus,ammon,2.2,3,cm
Lycaenidae (Gossamer-wing Butterflies),Plebejus,idas,2.2,3.8,cm
Lycaenidae (Gossamer-wing Butterflies),Plebejus,anna,NA,NA,NA
Lycaenidae (Gossamer-wing Butterflies),Plebejus,melissa,2.2,3.5,cm
Lycaenidae (Gossamer-wing Butterflies),Plebejus,saepiolus,2.5,3.2,cm
Lycaenidae (Gossamer-wing Butterflies),Plebejus,emigdionis,2.2,2.9,cm
Lycaenidae (Gossamer-wing Butterflies),Plebejus,icarioides,2.9,3.5,cm
Lycaenidae (Gossamer-wing Butterflies),Plebejus,shasta,2.2,3,cm
Lycaenidae (Gossamer-wing Butterflies),Plebejus,acmon,2,2.9,cm
Lycaenidae (Gossamer-wing Butterflies),Plebejus,lupini,2.2,2.9,cm
Lycaenidae (Gossamer-wing Butterflies),Plebejus,neurona,2,2.2,cm
Lycaenidae (Gossamer-wing Butterflies),Plebejus,optilete,NA,NA,NA
Lycaenidae (Gossamer-wing Butterflies),Plebejus,glandon,2.2,2.6,cm
Lycaenidae (Gossamer-wing Butterflies),Plebejus,glandon,NA,NA,NA
Lycaenidae (Gossamer-wing Butterflies),Plebejus,podarce,2.2,2.6,cm
Lycaenidae (Gossamer-wing Butterflies),Plebejus,cassiope,2.1,2.5,cm
Lycaenidae (Gossamer-wing Butterflies),Plebejus,fridayi,NA,NA,NA
Lycaenidae (Gossamer-wing Butterflies),Polyommatus,icarus,NA,NA,NA
Riodinidae (Metalmarks),Euselasia,hieronymi,NA,NA,NA
Riodinidae (Metalmarks),Mesosemia,lamachus,NA,NA,NA
Riodinidae (Metalmarks),Calephelis,virginiensis,1.3,2.5,cm
Riodinidae (Metalmarks),Calephelis,borealis,2.9,3.2,cm
Riodinidae (Metalmarks),Calephelis,muticum,2.4,3,cm
Riodinidae (Metalmarks),Calephelis,nemesis,2,2.5,cm
Riodinidae (Metalmarks),Calephelis,perditalis,1.8,2.4,cm
Riodinidae (Metalmarks),Calephelis,mexicana,NA,NA,NA
Riodinidae (Metalmarks),Calephelis,wrighti,2.5,3,cm
Riodinidae (Metalmarks),Calephelis,rawsoni,2,2.9,cm
Riodinidae (Metalmarks),Calephelis,arizonensis,NA,NA,NA
Riodinidae (Metalmarks),Calephelis,iris,NA,NA,NA
Riodinidae (Metalmarks),Caria,ino,2,2.5,cm
Riodinidae (Metalmarks),Baeotis,zonata,NA,NA,NA
Riodinidae (Metalmarks),Baeotis,sulphurea,NA,NA,NA
Riodinidae (Metalmarks),Lasaia,meris,NA,NA,NA
Riodinidae (Metalmarks),Lasaia,sula,2.2,3.2,cm
Riodinidae (Metalmarks),Lasaia,agesilas,NA,NA,NA
Riodinidae (Metalmarks),Lasaia,sessilis,NA,NA,NA
Riodinidae (Metalmarks),Lasaia,maria,NA,NA,NA
Riodinidae (Metalmarks),Melanis,pixe,3.8,4.4,cm
Riodinidae (Metalmarks),Melanis,cephise,NA,NA,NA
Riodinidae (Metalmarks),Melanis,acroleuca,NA,NA,NA
Riodinidae (Metalmarks),Anteros,carausius,NA,NA,NA
Riodinidae (Metalmarks),Calydna,sturnula,NA,NA,NA
Riodinidae (Metalmarks),Emesis,zela,2.9,3.2,cm
Riodinidae (Metalmarks),Emesis,ares,3.2,3.5,cm
Riodinidae (Metalmarks),Emesis,emesia,2.5,3.2,cm
Riodinidae (Metalmarks),Emesis,tenedia,3,3.5,cm
Riodinidae (Metalmarks),Emesis,aurimna,NA,NA,NA
Riodinidae (Metalmarks),Emesis,mandana,NA,NA,NA
Riodinidae (Metalmarks),Emesis,tegula,NA,NA,NA
Riodinidae (Metalmarks),Emesis,poeas,NA,NA,NA
Riodinidae (Metalmarks),Apodemia,mormo,2.2,3.3,cm
Riodinidae (Metalmarks),Apodemia,duryi,2.5,3.3,cm
Riodinidae (Metalmarks),Apodemia,virgulti,19,24,cm
Riodinidae (Metalmarks),Apodemia,mejicanus,2.2,3.3,cm
Riodinidae (Metalmarks),Apodemia,palmeri,2,3,cm
Riodinidae (Metalmarks),Apodemia,hepburni,2,3,cm
Riodinidae (Metalmarks),Apodemia,walkeri,2,2.5,cm
Riodinidae (Metalmarks),Apodemia,multiplaga,NA,NA,NA
Riodinidae (Metalmarks),Apodemia,phyciodoides,NA,NA,NA
Riodinidae (Metalmarks),Apodemia,nais,3.2,3.5,cm
Riodinidae (Metalmarks),Apodemia,chisosensis,2.7,3.2,cm
Riodinidae (Metalmarks),Thisbe,irenea,NA,NA,NA
Riodinidae (Metalmarks),Thisbe,lycorias,NA,NA,NA
Riodinidae (Metalmarks),Juditha,caucana,NA,NA,NA
Riodinidae (Metalmarks),Napaea,umbra,NA,NA,NA
Riodinidae (Metalmarks),Rhetus,arcius,NA,NA,NA
Riodinidae (Metalmarks),Hypophylla,martia,NA,NA,NA
Riodinidae (Metalmarks),Hypophylla,sudias,NA,NA,NA
Riodinidae (Metalmarks),Theope,virgilius,NA,NA,NA
Riodinidae (Metalmarks),Nymphidium,ascolia,NA,NA,NA
Nymphalidae (Brush-footed Butterflies),Libytheana,carinenta,3.5,5,cm
Nymphalidae (Brush-footed Butterflies),Libytheana,terena,NA,NA,NA
Nymphalidae (Brush-footed Butterflies),Libytheana,motya,NA,NA,NA
Nymphalidae (Brush-footed Butterflies),Anetia,jaegeri,NA,NA,NA
Nymphalidae (Brush-footed Butterflies),Danaus,plexippus,8.6,12.4,cm
Nymphalidae (Brush-footed Butterflies),Danaus,gilippus,6.7,9.8,cm
Nymphalidae (Brush-footed Butterflies),Danaus,eresimus,7,9.5,cm
Nymphalidae (Brush-footed Butterflies),Danaus,cleophile,NA,NA,NA
Nymphalidae (Brush-footed Butterflies),Lycorea,halia,9.5,10.8,cm
Nymphalidae (Brush-footed Butterflies),Anetia,thirza,NA,NA,NA
Nymphalidae (Brush-footed Butterflies),Anetia,briarea,NA,NA,NA
Nymphalidae (Brush-footed Butterflies),Anetia,pantheratus,NA,NA,NA
Nymphalidae (Brush-footed Butterflies),Tithorea,tarricina,NA,NA,NA
Nymphalidae (Brush-footed Butterflies),Dircenna,klugii,7.3,8.3,cm
Nymphalidae (Brush-footed Butterflies),Melinaea,lilis,NA,NA,NA
Nymphalidae (Brush-footed Butterflies),Mechanitis,polymnia,NA,NA,NA
Nymphalidae (Brush-footed Butterflies),Ithomia,patilla,NA,NA,NA
Nymphalidae (Brush-footed Butterflies),Oleria,paula,NA,NA,NA
Nymphalidae (Brush-footed Butterflies),Oleria,zea,NA,NA,NA
Nymphalidae (Brush-footed Butterflies),Ceratinia,tutia,NA,NA,NA
Nymphalidae (Brush-footed Butterflies),Episcada,salvinia,NA,NA,NA
Nymphalidae (Brush-footed Butterflies),Pteronymia,cotytto,NA,NA,NA
Nymphalidae (Brush-footed Butterflies),Hypoleria,lavinia,NA,NA,NA
Nymphalidae (Brush-footed Butterflies),Greta,annette,NA,NA,NA
Nymphalidae (Brush-footed Butterflies),Greta,morgane,NA,NA,NA
Nymphalidae (Brush-footed Butterflies),Greta,diaphanus,NA,NA,NA
Nymphalidae (Brush-footed Butterflies),Altinote,ozomene,NA,NA,NA
Nymphalidae (Brush-footed Butterflies),Actinote,anteas,NA,NA,NA
Nymphalidae (Brush-footed Butterflies),Philaethria,dido,NA,NA,NA
Nymphalidae (Brush-footed Butterflies),Dione,moneta,7.6,8.3,cm
Nymphalidae (Brush-footed Butterflies),Dione,juno,NA,NA,NA
Nymphalidae (Brush-footed Butterflies),Agraulis,vanillae,6.3,9.5,cm
Nymphalidae (Brush-footed Butterflies),Dryas,iulia,8.2,9.2,cm
Nymphalidae (Brush-footed Butterflies),Dryadula,phaetusa,8.6,8.9,cm
Nymphalidae (Brush-footed Butterflies),Eueides,isabella,7.8,9,cm
Nymphalidae (Brush-footed Butterflies),Heliconius,charithonia,7,10.1,cm
Nymphalidae (Brush-footed Butterflies),Heliconius,hewitsonii,NA,NA,NA
Nymphalidae (Brush-footed Butterflies),Heliconius,sara,NA,NA,NA
Nymphalidae (Brush-footed Butterflies),Heliconius,hortense,NA,NA,NA
Nymphalidae (Brush-footed Butterflies),Heliconius,erato,6.7,8,cm
Nymphalidae (Brush-footed Butterflies),Heliconius,hecale,NA,NA,NA
Nymphalidae (Brush-footed Butterflies),Heliconius,ismenius,NA,NA,NA
Nymphalidae (Brush-footed Butterflies),Heliconius,cydno,NA,NA,NA
Nymphalidae (Brush-footed Butterflies),Heliconius,pachinus,NA,NA,NA
Nymphalidae (Brush-footed Butterflies),Heliconius,clysonymus,NA,NA,NA
Nymphalidae (Brush-footed Butterflies),Euptoieta,claudia,4.5,8,cm
Nymphalidae (Brush-footed Butterflies),Euptoieta,hegesia,6.5,7.5,cm
Nymphalidae (Brush-footed Butterflies),Speyeria,diana,8.7,11.3,cm
Nymphalidae (Brush-footed Butterflies),Speyeria,cybele,6.3,10.1,cm
Nymphalidae (Brush-footed Butterflies),Speyeria,aphrodite,6.3,8.3,cm
Nymphalidae (Brush-footed Butterflies),Speyeria,idalia,6.7,10.5,cm
Nymphalidae (Brush-footed Butterflies),Speyeria,nokomis,6.3,7.9,cm
Nymphalidae (Brush-footed Butterflies),Speyeria,edwardsii,6.3,8.6,cm
Nymphalidae (Brush-footed Butterflies),Speyeria,coronis,5,8.6,cm
Nymphalidae (Brush-footed Butterflies),Speyeria,zerene,5.4,7,cm
Nymphalidae (Brush-footed Butterflies),Speyeria,carolae,6.9,8.6,cm
Nymphalidae (Brush-footed Butterflies),Speyeria,callippe,5,6.4,cm
Nymphalidae (Brush-footed Butterflies),Speyeria,egleis,4.5,6,cm
Nymphalidae (Brush-footed Butterflies),Speyeria,adiaste,5,6.1,cm
Nymphalidae (Brush-footed Butterflies),Speyeria,atlantis,5,7,cm
Nymphalidae (Brush-footed Butterflies),Speyeria,hesperis,5,7,cm
Nymphalidae (Brush-footed Butterflies),Speyeria,hydaspe,5,6.4,cm
Nymphalidae (Brush-footed Butterflies),Speyeria,mormonia,3.8,6.1,cm
Nymphalidae (Brush-footed Butterflies),Boloria,alaskensis,3.5,4.8,cm
Nymphalidae (Brush-footed Butterflies),Boloria,eunomia,3.2,4.5,cm
Nymphalidae (Brush-footed Butterflies),Boloria,selene,3.5,5.4,cm
Nymphalidae (Brush-footed Butterflies),Boloria,bellona,3.5,5.1,cm
Nymphalidae (Brush-footed Butterflies),Boloria,frigga,3.8,5.1,cm
Nymphalidae (Brush-footed Butterflies),Boloria,improba,3,3.5,cm
Nymphalidae (Brush-footed Butterflies),Boloria,kriemhild,3.5,4.5,cm
Nymphalidae (Brush-footed Butterflies),Boloria,epithore,3.5,4.5,cm
Nymphalidae (Brush-footed Butterflies),Boloria,polaris,NA,NA,NA
Nymphalidae (Brush-footed Butterflies),Boloria,freija,NA,NA,NA
Nymphalidae (Brush-footed Butterflies),Boloria,natazhati,NA,NA,NA
Nymphalidae (Brush-footed Butterflies),Boloria,alberta,3.8,4.5,cm
Nymphalidae (Brush-footed Butterflies),Boloria,astarte,4.2,5.1,cm
Nymphalidae (Brush-footed Butterflies),Boloria,chariclea,3.1,3.9,cm
Nymphalidae (Brush-footed Butterflies),Historis,odius,NA,NA,NA
Nymphalidae (Brush-footed Butterflies),Historis,acheronta,NA,NA,NA
Nymphalidae (Brush-footed Butterflies),Smyrna,blomfildia,7.6,9,cm
Nymphalidae (Brush-footed Butterflies),Smyrna,karwinskii,7.6,9,cm
Nymphalidae (Brush-footed Butterflies),Limenitis,arthemis,5.7,10.1,cm
Nymphalidae (Brush-footed Butterflies),Limenitis,arthemis,NA,NA,NA
Nymphalidae (Brush-footed Butterflies),Limenitis,archippus,6.3,8.6,cm
Nymphalidae (Brush-footed Butterflies),Limenitis,archippus,NA,NA,NA
Nymphalidae (Brush-footed Butterflies),Limenitis,lorquini,5.1,6.7,cm
Nymphalidae (Brush-footed Butterflies),Limenitis,weidemeyerii,5.7,9.5,cm
Nymphalidae (Brush-footed Butterflies),Adelpha,bredowii,5.7,10.1,cm
Nymphalidae (Brush-footed Butterflies),Adelpha,eulalia,NA,NA,NA
Nymphalidae (Brush-footed Butterflies),Adelpha,californica,NA,NA,NA
Nymphalidae (Brush-footed Butterflies),Adelpha,paraena,NA,NA,NA
Nymphalidae (Brush-footed Butterflies),Adelpha,tracta,NA,NA,NA
Nymphalidae (Brush-footed Butterflies),Adelpha,fessonia,5.6,7,cm
Nymphalidae (Brush-footed Butterflies),Adelpha,donysa,NA,NA,NA
Nymphalidae (Brush-footed Butterflies),Adelpha,gelania,NA,NA,NA
Nymphalidae (Brush-footed Butterflies),Adelpha,basiloides,5.7,6.7,cm
Nymphalidae (Brush-footed Butterflies),Adelpha,iphicleola,NA,NA,NA
Nymphalidae (Brush-footed Butterflies),Adelpha,cytherea,NA,NA,NA
Nymphalidae (Brush-footed Butterflies),Adelpha,salmoneus,NA,NA,NA
Nymphalidae (Brush-footed Butterflies),Adelpha,barnesia,NA,NA,NA
Nymphalidae (Brush-footed Butterflies),Adelpha,naxia,NA,NA,NA
Nymphalidae (Brush-footed Butterflies),Adelpha,phylaca,NA,NA,NA
Nymphalidae (Brush-footed Butterflies),Marpesia,chiron,5.4,6.7,cm
Nymphalidae (Brush-footed Butterflies),Marpesia,berania,NA,NA,NA
Nymphalidae (Brush-footed Butterflies),Marpesia,petreus,7,9.5,cm
Nymphalidae (Brush-footed Butterflies),Marpesia,eleuchea,6.7,8.3,cm
Nymphalidae (Brush-footed Butterflies),Marpesia,zerynthia,7,8.1,cm
Nymphalidae (Brush-footed Butterflies),Asterocampa,celtis,3.5,6.3,cm
Nymphalidae (Brush-footed Butterflies),Asterocampa,leilia,3.8,7.6,cm
Nymphalidae (Brush-footed Butterflies),Asterocampa,clyton,4.2,7,cm
Nymphalidae (Brush-footed Butterflies),Asterocampa,idyja,NA,NA,NA
Nymphalidae (Brush-footed Butterflies),Doxocopa,thoe,NA,NA,NA
Nymphalidae (Brush-footed Butterflies),Doxocopa,pavon,5.6,6.9,cm
Nymphalidae (Brush-footed Butterflies),Doxocopa,cyane,NA,NA,NA
Nymphalidae (Brush-footed Butterflies),Doxocopa,callianira,NA,NA,NA
Nymphalidae (Brush-footed Butterflies),Doxocopa,laure,7,8.2,cm
Nymphalidae (Brush-footed Butterflies),Biblis,hyperia,5.1,7.6,cm
Nymphalidae (Brush-footed Butterflies),Mestra,amymone,3.5,5,cm
Nymphalidae (Brush-footed Butterflies),Archimestra,teleboas,NA,NA,NA
Nymphalidae (Brush-footed Butterflies),Catonephele,mexicana,NA,NA,NA
Nymphalidae (Brush-footed Butterflies),Catonephele,numilia,NA,NA,NA
Nymphalidae (Brush-footed Butterflies),Eunica,tatila,4,6.2,cm
Nymphalidae (Brush-footed Butterflies),Eunica,monima,4.8,5.1,cm
Nymphalidae (Brush-footed Butterflies),Eunica,alcmena,NA,NA,NA
Nymphalidae (Brush-footed Butterflies),Myscelia,cyananthe,NA,NA,NA
Nymphalidae (Brush-footed Butterflies),Myscelia,cyaniris,NA,NA,NA
Nymphalidae (Brush-footed Butterflies),Myscelia,ethusa,6.4,7.6,cm
Nymphalidae (Brush-footed Butterflies),Myscelia,aracynthia,NA,NA,NA
Nymphalidae (Brush-footed Butterflies),Hamadryas,februa,7,8.6,cm
Nymphalidae (Brush-footed Butterflies),Hamadryas,amphichloe,7.5,8.6,cm
Nymphalidae (Brush-footed Butterflies),Hamadryas,glauconome,NA,NA,NA
Nymphalidae (Brush-footed Butterflies),Hamadryas,atlantis,NA,NA,NA
Nymphalidae (Brush-footed Butterflies),Hamadryas,feronia,7.3,8.3,cm
Nymphalidae (Brush-footed Butterflies),Hamadryas,guatemalena,7.6,9.8,cm
Nymphalidae (Brush-footed Butterflies),Hamadryas,iphthime,7,8,cm
Nymphalidae (Brush-footed Butterflies),Hamadryas,fornax,NA,NA,NA
Nymphalidae (Brush-footed Butterflies),Hamadryas,amphinome,7.8,8.6,cm
Nymphalidae (Brush-footed Butterflies),Bolboneura,sylphis,NA,NA,NA
Nymphalidae (Brush-footed Butterflies),Epiphile,adrasta,5.7,6.7,cm
Nymphalidae (Brush-footed Butterflies),Lucinia,sida,NA,NA,NA
Nymphalidae (Brush-footed Butterflies),Pyrrhogyra,neaerea,NA,NA,NA
Nymphalidae (Brush-footed Butterflies),Nica,flavilla,NA,NA,NA
Nymphalidae (Brush-footed Butterflies),Temenis,laothoe,NA,NA,NA
Nymphalidae (Brush-footed Butterflies),Dynamine,theseus,NA,NA,NA
Nymphalidae (Brush-footed Butterflies),Dynamine,tithia,2.9,3.3,cm
Nymphalidae (Brush-footed Butterflies),Dynamine,postverta,NA,NA,NA
Nymphalidae (Brush-footed Butterflies),Dynamine,artemesia,NA,NA,NA
Nymphalidae (Brush-footed Butterflies),Dynamine,dyonis,4.1,4.8,cm
Nymphalidae (Brush-footed Butterflies),Callicore,lyca,NA,NA,NA
Nymphalidae (Brush-footed Butterflies),Callicore,astarte,NA,NA,NA
Nymphalidae (Brush-footed Butterflies),Callicore,pitheas,NA,NA,NA
Nymphalidae (Brush-footed Butterflies),Callicore,texa,NA,NA,NA
Nymphalidae (Brush-footed Butterflies),Callicore,tolima,NA,NA,NA
Nymphalidae (Brush-footed Butterflies),Diaethria,anna,NA,NA,NA
Nymphalidae (Brush-footed Butterflies),Diaethria,clymena,3.8,4.4,cm
Nymphalidae (Brush-footed Butterflies),Diaethria,asteria,4.1,4.3,cm
Nymphalidae (Brush-footed Butterflies),Diaethria,astala,NA,NA,NA
Nymphalidae (Brush-footed Butterflies),Diaethria,bacchis,NA,NA,NA
Nymphalidae (Brush-footed Butterflies),Diaethria,pandama,NA,NA,NA
Nymphalidae (Brush-footed Butterflies),Colobura,dirce,NA,NA,NA
Nymphalidae (Brush-footed Butterflies),Colobura,annulata,NA,NA,NA
Nymphalidae (Brush-footed Butterflies),Hypanartia,dione,NA,NA,NA
Nymphalidae (Brush-footed Butterflies),Hypanartia,godmanii,NA,NA,NA
Nymphalidae (Brush-footed Butterflies),Hypanartia,paullus,NA,NA,NA
Nymphalidae (Brush-footed Butterflies),Hypanartia,lethe,NA,NA,NA
Nymphalidae (Brush-footed Butterflies),Poladryas,minuta,3.2,4.8,cm
Nymphalidae (Brush-footed Butterflies),Poladryas,arachne,3.2,4.5,cm
Nymphalidae (Brush-footed Butterflies),Chlosyne,janais,4.8,6.7,cm
Nymphalidae (Brush-footed Butterflies),Chlosyne,ehrenbergi,NA,NA,NA
Nymphalidae (Brush-footed Butterflies),Chlosyne,definita,3,3.8,cm
Nymphalidae (Brush-footed Butterflies),Chlosyne,eumeda,NA,NA,NA
Nymphalidae (Brush-footed Butterflies),Chlosyne,marina,3.3,3.5,cm
Nymphalidae (Brush-footed Butterflies),Chlosyne,melitaeoides,NA,NA,NA
Nymphalidae (Brush-footed Butterflies),Chlosyne,erodyle,NA,NA,NA
Nymphalidae (Brush-footed Butterflies),Chlosyne,poecile,NA,NA,NA
Nymphalidae (Brush-footed Butterflies),Chlosyne,endeis,3,3.9,cm
Nymphalidae (Brush-footed Butterflies),Chlosyne,melanarge,NA,NA,NA
Nymphalidae (Brush-footed Butterflies),Chlosyne,hippodrome,NA,NA,NA
Nymphalidae (Brush-footed Butterflies),Chlosyne,rosita,3.7,5,cm
Nymphalidae (Brush-footed Butterflies),Chlosyne,theona,3.2,4.4,cm
Nymphalidae (Brush-footed Butterflies),Chlosyne,cyneas,3.5,4.2,cm
Nymphalidae (Brush-footed Butterflies),Chlosyne,fulvia,3.2,5,cm
Nymphalidae (Brush-footed Butterflies),Chlosyne,leanira,3.5,4.5,cm
Nymphalidae (Brush-footed Butterflies),Chlosyne,nycteis,3.5,5.1,cm
Nymphalidae (Brush-footed Butterflies),Chlosyne,gorgone,3.2,4.5,cm
Nymphalidae (Brush-footed Butterflies),Chlosyne,californica,3.2,5.1,cm
Nymphalidae (Brush-footed Butterflies),Chlosyne,lacinia,3.5,5.1,cm
Nymphalidae (Brush-footed Butterflies),Chlosyne,harrisii,3.6,5.1,cm
Nymphalidae (Brush-footed Butterflies),Chlosyne,hoffmanni,3.5,4.5,cm
Nymphalidae (Brush-footed Butterflies),Chlosyne,whitneyi,3.2,4.1,cm
Nymphalidae (Brush-footed Butterflies),Chlosyne,acastus,3.9,5.1,cm
Nymphalidae (Brush-footed Butterflies),Chlosyne,gabbii,3.2,4.5,cm
Nymphalidae (Brush-footed Butterflies),Chlosyne,palla,3.5,4.8,cm
Nymphalidae (Brush-footed Butterflies),Microtia,elva,2.5,3.7,cm
Nymphalidae (Brush-footed Butterflies),Dymasia,dymas,2.3,3.5,cm
Nymphalidae (Brush-footed Butterflies),Texola,elada,2.2,3.2,cm
Nymphalidae (Brush-footed Butterflies),Antillea,pelops,NA,NA,NA
Nymphalidae (Brush-footed Butterflies),Eresia,clio,NA,NA,NA
Nymphalidae (Brush-footed Butterflies),Eresia,ithomioides,NA,NA,NA
Nymphalidae (Brush-footed Butterflies),Eresia,phillyra,NA,NA,NA
Nymphalidae (Brush-footed Butterflies),Castilia,eranites,NA,NA,NA
Nymphalidae (Brush-footed Butterflies),Castilia,ofella,NA,NA,NA
Nymphalidae (Brush-footed Butterflies),Castilia,myia,NA,NA,NA
Nymphalidae (Brush-footed Butterflies),Castilia,griseobasalis,NA,NA,NA
Nymphalidae (Brush-footed Butterflies),Janatella,leucodesma,NA,NA,NA
Nymphalidae (Brush-footed Butterflies),Phyciodes,graphica,2.2,3.8,cm
Nymphalidae (Brush-footed Butterflies),Phyciodes,picta,2.5,3.8,cm
Nymphalidae (Brush-footed Butterflies),Phyciodes,orseis,3.2,4.2,cm
Nymphalidae (Brush-footed Butterflies),Phyciodes,pallida,3.5,4.1,cm
Nymphalidae (Brush-footed Butterflies),Phyciodes,mylitta,3,3.8,cm
Nymphalidae (Brush-footed Butterflies),Phyciodes,phaon,2.5,3.8,cm
Nymphalidae (Brush-footed Butterflies),Phyciodes,pallescens,NA,NA,NA
Nymphalidae (Brush-footed Butterflies),Phyciodes,tharos,3.2,4.5,cm
Nymphalidae (Brush-footed Butterflies),Phyciodes,cocyta,3.2,4.8,cm
Nymphalidae (Brush-footed Butterflies),Phyciodes,incognitus,NA,NA,NA
Nymphalidae (Brush-footed Butterflies),Phyciodes,batesii,3.2,4.5,cm
Nymphalidae (Brush-footed Butterflies),Phyciodes,pulchella,2.5,4.5,cm
Nymphalidae (Brush-footed Butterflies),Anthanassa,texana,3.2,4.8,cm
Nymphalidae (Brush-footed Butterflies),Anthanassa,drusilla,NA,NA,NA
Nymphalidae (Brush-footed Butterflies),Anthanassa,drymaea,NA,NA,NA
Nymphalidae (Brush-footed Butterflies),Anthanassa,ptolyca,3.2,3.5,cm
Nymphalidae (Brush-footed Butterflies),Anthanassa,sitalces,NA,NA,NA
Nymphalidae (Brush-footed Butterflies),Anthanassa,argentea,NA,NA,NA
Nymphalidae (Brush-footed Butterflies),Anthanassa,atronia,NA,NA,NA
Nymphalidae (Brush-footed Butterflies),Anthanassa,frisia,3.2,4.5,cm
Nymphalidae (Brush-footed Butterflies),Anthanassa,tulcis,3.2,3.5,cm
Nymphalidae (Brush-footed Butterflies),Tegosa,anieta,NA,NA,NA
Nymphalidae (Brush-footed Butterflies),Tegosa,guatemalena,NA,NA,NA
Nymphalidae (Brush-footed Butterflies),Euphydryas,gillettii,3.8,4.8,cm
Nymphalidae (Brush-footed Butterflies),Euphydryas,phaeton,4.5,7,cm
Nymphalidae (Brush-footed Butterflies),Euphydryas,editha,3.2,5.1,cm
Nymphalidae (Brush-footed Butterflies),Euphydryas,chalcedona,3.2,5.7,cm
Nymphalidae (Brush-footed Butterflies),Euphydryas,anicia,NA,NA,NA
Nymphalidae (Brush-footed Butterflies),Euphydryas,colon,NA,NA,NA
Nymphalidae (Brush-footed Butterflies),Hypolimnas,misippus,5.6,9,cm
Nymphalidae (Brush-footed Butterflies),Junonia,coenia,4.2,7,cm
Nymphalidae (Brush-footed Butterflies),Junonia,genoveva,3.5,5.7,cm
Nymphalidae (Brush-footed Butterflies),Junonia,evarete,4.5,5.7,cm
Nymphalidae (Brush-footed Butterflies),Anartia,jatrophae,5.1,7,cm
Nymphalidae (Brush-footed Butterflies),Anartia,fatima,6,7,cm
Nymphalidae (Brush-footed Butterflies),Anartia,chrysopelea,NA,NA,NA
Nymphalidae (Brush-footed Butterflies),Anartia,lytrea,6.2,7.4,cm
Nymphalidae (Brush-footed Butterflies),Siproeta,stelenes,8.3,10.1,cm
Nymphalidae (Brush-footed Butterflies),Siproeta,epaphus,NA,NA,NA
Nymphalidae (Brush-footed Butterflies),Polygonia,interrogationis,5.7,7.6,cm
Nymphalidae (Brush-footed Butterflies),Polygonia,comma,4.5,6.4,cm
Nymphalidae (Brush-footed Butterflies),Polygonia,satyrus,NA,NA,NA
Nymphalidae (Brush-footed Butterflies),Polygonia,faunus,4.5,6.4,cm
Nymphalidae (Brush-footed Butterflies),Polygonia,gracilis,3.9,5.7,cm
Nymphalidae (Brush-footed Butterflies),Polygonia,zephyrus,NA,NA,NA
Nymphalidae (Brush-footed Butterflies),Polygonia,progne,4.4,6.3,cm
Nymphalidae (Brush-footed Butterflies),Polygonia,oreas,4.2,4.8,cm
Nymphalidae (Brush-footed Butterflies),Aglais,milberti,4.2,6.3,cm
Nymphalidae (Brush-footed Butterflies),Aglais,urticae,5,6,cm
Nymphalidae (Brush-footed Butterflies),Nymphalis,vaualbum,6.4,7.8,cm
Nymphalidae (Brush-footed Butterflies),Nymphalis,antiopa,5.7,10.1,cm
Nymphalidae (Brush-footed Butterflies),Nymphalis,californica,3.2,7,cm
Nymphalidae (Brush-footed Butterflies),Vanessa,atalanta,4.5,7.6,cm
Nymphalidae (Brush-footed Butterflies),Vanessa,cardui,5.1,7.3,cm
Nymphalidae (Brush-footed Butterflies),Vanessa,annabella,NA,NA,NA
Nymphalidae (Brush-footed Butterflies),Vanessa,virginiensis,4.5,6.7,cm
Nymphalidae (Brush-footed Butterflies),Inachis,io,NA,NA,NA
Nymphalidae (Brush-footed Butterflies),Consul,electra,NA,NA,NA
Nymphalidae (Brush-footed Butterflies),Consul,fabius,NA,NA,NA
Nymphalidae (Brush-footed Butterflies),Hypna,clytemnestra,NA,NA,NA
Nymphalidae (Brush-footed Butterflies),Siderone,galanthis,NA,NA,NA
Nymphalidae (Brush-footed Butterflies),Zaretis,ellops,NA,NA,NA
Nymphalidae (Brush-footed Butterflies),Anaea,troglodyta,7.6,9,cm
Nymphalidae (Brush-footed Butterflies),Anaea,troglodyta,NA,NA,NA
Nymphalidae (Brush-footed Butterflies),Anaea,aidea,5.7,7.8,cm
Nymphalidae (Brush-footed Butterflies),Anaea,andria,6,8.2,cm
Nymphalidae (Brush-footed Butterflies),Memphis,eurypyle,NA,NA,NA
Nymphalidae (Brush-footed Butterflies),Memphis,glycerium,5.9,8.1,cm
Nymphalidae (Brush-footed Butterflies),Memphis,echemus,5.7,7,cm
Nymphalidae (Brush-footed Butterflies),Memphis,intermedia,NA,NA,NA
Nymphalidae (Brush-footed Butterflies),Memphis,pithyusa,5.7,7.6,cm
Nymphalidae (Brush-footed Butterflies),Memphis,forreri,NA,NA,NA
Nymphalidae (Brush-footed Butterflies),Archaeoprepona,demophon,NA,NA,NA
Nymphalidae (Brush-footed Butterflies),Archaeoprepona,demophoon,NA,NA,NA
Nymphalidae (Brush-footed Butterflies),Hermeuptychia,intricata,NA,NA,NA
Nymphalidae (Brush-footed Butterflies),Manataria,hercyna,NA,NA,NA
Nymphalidae (Brush-footed Butterflies),Morpho,deidamia,NA,NA,NA
Nymphalidae (Brush-footed Butterflies),Caligo,brasiliensis,NA,NA,NA
Nymphalidae (Brush-footed Butterflies),Caligo,telamonius,NA,NA,NA
Nymphalidae (Brush-footed Butterflies),Caligo,atreus,NA,NA,NA
Nymphalidae (Brush-footed Butterflies),Cithaerias,pireta,NA,NA,NA
Nymphalidae (Brush-footed Butterflies),Pierella,helvina,NA,NA,NA
Nymphalidae (Brush-footed Butterflies),Pierella,luna,NA,NA,NA
Nymphalidae (Brush-footed Butterflies),Enodia,portlandia,NA,NA,NA
Nymphalidae (Brush-footed Butterflies),Enodia,anthedon,4.5,6.7,cm
Nymphalidae (Brush-footed Butterflies),Enodia,creola,5.9,7,cm
Nymphalidae (Brush-footed Butterflies),Satyrodes,eurydice,3.8,6.2,cm
Nymphalidae (Brush-footed Butterflies),Satyrodes,appalachia,4.8,5.7,cm
Nymphalidae (Brush-footed Butterflies),Coenonympha,haydenii,3.5,3.8,cm
Nymphalidae (Brush-footed Butterflies),Coenonympha,tullia,3.4,3.8,cm
Nymphalidae (Brush-footed Butterflies),Cyllopsis,caballeroi,NA,NA,NA
Nymphalidae (Brush-footed Butterflies),Cyllopsis,gemma,3.5,4.3,cm
Nymphalidae (Brush-footed Butterflies),Cyllopsis,hedemanni,NA,NA,NA
Nymphalidae (Brush-footed Butterflies),Cyllopsis,hilaria,NA,NA,NA
Nymphalidae (Brush-footed Butterflies),Cyllopsis,nayarit,NA,NA,NA
Nymphalidae (Brush-footed Butterflies),Cyllopsis,nelsoni,NA,NA,NA
Nymphalidae (Brush-footed Butterflies),Cyllopsis,pephredo,NA,NA,NA
Nymphalidae (Brush-footed Butterflies),Cyllopsis,pertepida,3.8,4.5,cm
Nymphalidae (Brush-footed Butterflies),Cyllopsis,pyracmon,3.8,4.5,cm
Nymphalidae (Brush-footed Butterflies),Paramacera,xicaque,3.5,4.8,cm
Nymphalidae (Brush-footed Butterflies),Neonympha,areolatus,3.7,4.9,cm
Nymphalidae (Brush-footed Butterflies),Neonympha,helicta,NA,NA,NA
Nymphalidae (Brush-footed Butterflies),Neonympha,mitchellii,3.5,4.5,cm
Nymphalidae (Brush-footed Butterflies),Megisto,cymela,3.8,4.8,cm
Nymphalidae (Brush-footed Butterflies),Megisto,viola,4.3,5,cm
Nymphalidae (Brush-footed Butterflies),Megisto,rubricata,3.5,4.8,cm
Nymphalidae (Brush-footed Butterflies),Euptychia,westwoodi,NA,NA,NA
Nymphalidae (Brush-footed Butterflies),Euptychia,insolata,NA,NA,NA
Nymphalidae (Brush-footed Butterflies),Hermeuptychia,sosybius,3.2,3.8,cm
Nymphalidae (Brush-footed Butterflies),Hermeuptychia,hermes,NA,NA,NA
Nymphalidae (Brush-footed Butterflies),Cissia,pseudoconfusa,NA,NA,NA
Nymphalidae (Brush-footed Butterflies),Cissia,pompilia,NA,NA,NA
Nymphalidae (Brush-footed Butterflies),Magneuptychia,libye,NA,NA,NA
Nymphalidae (Brush-footed Butterflies),Cepheuptychia,glaucina,NA,NA,NA
Nymphalidae (Brush-footed Butterflies),Pareuptychia,metaleuca,NA,NA,NA
Nymphalidae (Brush-footed Butterflies),Pareuptychia,ocirrhoe,NA,NA,NA
Nymphalidae (Brush-footed Butterflies),Satyrotaygetis,satyrina,NA,NA,NA
Nymphalidae (Brush-footed Butterflies),Taygetis,thamyra,NA,NA,NA
Nymphalidae (Brush-footed Butterflies),Erebia,vidleri,4.1,4.8,cm
Nymphalidae (Brush-footed Butterflies),Erebia,rossii,NA,NA,NA
Nymphalidae (Brush-footed Butterflies),Erebia,disa,NA,NA,NA
Nymphalidae (Brush-footed Butterflies),Erebia,mancinus,4.1,4.5,cm
Nymphalidae (Brush-footed Butterflies),Erebia,magdalena,4.5,5.1,cm
Nymphalidae (Brush-footed Butterflies),Erebia,mackinleyensis,NA,NA,NA
Nymphalidae (Brush-footed Butterflies),Erebia,fasciata,NA,NA,NA
Nymphalidae (Brush-footed Butterflies),Erebia,epipsodea,4.2,5.1,cm
Nymphalidae (Brush-footed Butterflies),Erebia,discoidalis,3.8,4.9,cm
Nymphalidae (Brush-footed Butterflies),Erebia,pawlowskii,3.2,4.6,cm
Nymphalidae (Brush-footed Butterflies),Erebia,youngi,NA,NA,NA
Nymphalidae (Brush-footed Butterflies),Erebia,lafontainei,NA,NA,NA
Nymphalidae (Brush-footed Butterflies),Erebia,occulta,NA,NA,NA
Nymphalidae (Brush-footed Butterflies),Erebia,callias,3.5,3.8,cm
Nymphalidae (Brush-footed Butterflies),Erebia,kozhantshikovi,NA,NA,NA
Nymphalidae (Brush-footed Butterflies),Neominois,ridingsii,3.8,5.6,cm
Nymphalidae (Brush-footed Butterflies),Neominois,wyomingo,3.7,4.3,cm
Nymphalidae (Brush-footed Butterflies),Oeneis,philipi,NA,NA,NA
Nymphalidae (Brush-footed Butterflies),Oeneis,polixenes,4.2,5.4,cm
Nymphalidae (Brush-footed Butterflies),Oeneis,jutta,4.8,6,cm
Nymphalidae (Brush-footed Butterflies),Oeneis,melissa,4.2,5.1,cm
Nymphalidae (Brush-footed Butterflies),Oeneis,alpina,NA,NA,NA
Nymphalidae (Brush-footed Butterflies),Oeneis,bore,3.7,4.8,cm
Nymphalidae (Brush-footed Butterflies),Oeneis,chryxus,4.5,5.4,cm
Nymphalidae (Brush-footed Butterflies),Oeneis,alberta,3.5,5.7,cm
Nymphalidae (Brush-footed Butterflies),Oeneis,nevadensis,5.7,6.3,cm
Nymphalidae (Brush-footed Butterflies),Oeneis,macounii,5.7,7,cm
Nymphalidae (Brush-footed Butterflies),Oeneis,uhleri,3.8,5.6,cm
Nymphalidae (Brush-footed Butterflies),Cercyonis,pegala,4.5,7.6,cm
Nymphalidae (Brush-footed Butterflies),Cercyonis,meadii,3.5,4.5,cm
Nymphalidae (Brush-footed Butterflies),Cercyonis,sthenele,3.5,4.5,cm
Nymphalidae (Brush-footed Butterflies),Cercyonis,oetus,3.2,4.5,cm
Nymphalidae (Brush-footed Butterflies),Gyrocheilus,patrobas,5.1,6,cm
Nymphalidae (Brush-footed Butterflies),Oxeoschistus,tauropolis,NA,NA,NA
Nymphalidae (Brush-footed Butterflies),Drucina,championi,NA,NA,NA
Nymphalidae (Brush-footed Butterflies),Calisto,pulchella,NA,NA,NA
Nymphalidae (Brush-footed Butterflies),Calisto,confusa,NA,NA,NA
Nymphalidae (Brush-footed Butterflies),Calisto,obscura,NA,NA,NA
Nymphalidae (Brush-footed Butterflies),Calisto,batesi,NA,NA,NA
Nymphalidae (Brush-footed Butterflies),Calisto,herophile,NA,NA,NA
Nymphalidae (Brush-footed Butterflies),Calisto,grannus,NA,NA,NA
Nymphalidae (Brush-footed Butterflies),Morpho,polyphemus,NA,NA,NA
Nymphalidae (Brush-footed Butterflies),Morpho,helenor,NA,NA,NA
Nymphalidae (Brush-footed Butterflies),Opsiphanes,boisduvallii,NA,NA,NA
Nymphalidae (Brush-footed Butterflies),Opsiphanes,cassina,NA,NA,NA
Nymphalidae (Brush-footed Butterflies),Opsiphanes,tamarindi,NA,NA,NA
Nymphalidae (Brush-footed Butterflies),Pseudomarimatha,flava,NA,NA,NA